,REG_NO,Brand,Model,CC,Manufactured_Date,DEALER_ID,DEALERSHIP_NAME,Purchase_date,Color,Purchase_Price,Source,Refurbish_Date,Variant,PART_DESCRIPTION,Part_Cost,Labour_Description,Labour_Amount,Refurbished_price,Sale_Date,Year,Sale_Price,Financier,Model_new,Varient,Age
1,RJ07FS9807,HERO,HF DELUXEE I3S-SELF-DRUM-CAST,97.0,2019,100000013.0,SHANTI TRUMOTO,2021-02-04,NAN,39437.0,WALK IN,2021-08-12,,BULB (CAPLESS - SPEEDOMETER),20.74,,0.0,18.0,2021,2021.0,46787.56,HEROFIN,HF DELUXE,I3S SELF DRUM CAST,2
4,TN23CS8221,TVS,JUPITER,110.0,2020,100000022.0,BALAMURUGAN AUTOMOBILES,2022-05-21,SP SILVER,51858.0,WALK IN,2022-05-21,110CC BS6,,,,0.0,,2022,2022.0,58258.0,NAN,JUPITER,,2
8,MH06CC7024,TVS,JUPITER ZX,110.0,2020,100000018.0,SHREE LAXMI  AUTOMOBILES,2022-03-28,STARLIGHT BLUE,55000.0,WALK IN,,,,,,,,2022,2022.0,58336.0,NAN,JUPITER ZX,,2
10,DL9SBE7078,TVS,JUPITER,110.0,2016,100000021.0,BAJWA AUTOMOBILES,2022-03-31,BLACK,23000.0,TELEPHONE,2022-03-31,110cc,TVS TRU4 PREMIUM 10W30 ENGINE OIL 1LTR,380.34,WATER  WASH - SCOOTY,50.0,380.0,2022,2022.0,39002.0,NAN,JUPITER,,6
11,AP31ER4613,BAJAJ,PULSAR 150 DTSI,150.0,2018,100000026.0,WHEELSMART,2022-11-05,NAN,60000.0,OUTDOOR ACTIVITY,,,,,,,,2023,2023.0,80000.0,NAN,PULSAR 150,DTSI,5
12,DL11M2866,TVS,JUPITER ZX INTELLIGO,110.0,2022,100000028.0,ANVAY AUTOMOBILES,2022-08-31,COPPER BRONZE,70000.0,WALK IN,2022-08-31,,TVS TRU4 SKUUTA 10W30 ENGINE OIL 900ML,390.0,,0.0,390.0,2022,2022.0,90000.0,NAN,JUPITER ZX,INTELLIGO,0
16,AP39GC1031,YAMAHA,FASCINO,113.0,2020,100000027.0,WHEELSMART,2022-07-28,NAN,63050.0,WALK IN,2022-08-01,,NUMBER PLATE,100.0,WATER  WASH - SCOOTY,100.0,200.0,2022,2022.0,69000.0,HDFC,FASCINO,,2
21,AP26CD8290,ROYAL ENFIELD,CLASSIC 350,350.0,2018,100000027.0,WHEELSMART,2022-10-24,NAN,124700.0,TELEPHONE,2022-11-25,,,,,0.0,,2022,2022.0,140000.0,OTHERS,CLASSIC 350,,4
23,MH05DU9542,TVS,SCOOTY PEPPLUS BSIV,88.0,2018,100000018.0,SHREE LAXMI  AUTOMOBILES,2021-12-29,STALLION BROWN,30000.0,WALK IN,2021-12-31,,,,,0.0,,2022,2022.0,29500.0,NAN,SCOOTY PEPPLUS,BSIV,4
25,MH02FC8411,HONDA,DIO,110.0,2018,100000018.0,SHREE LAXMI  AUTOMOBILES,2022-01-13,NAN,42000.0,WALK IN,2022-06-30,,TVS TRU4 SKUUTA 10W30 ENGINE OIL 900ML,449.49,ENGINE O/H(CRANKSHAFT/DRIVESHAFT/CAM SHIFTER) - SCOOTER,1000.0,1390.0,2022,2022.0,56000.0,NAN,DIO,,4
26,MH03CF9145,BAJAJ,PULSAR 220 DTSF I,220.0,2016,100000025.0,A S MOTOR,2022-08-18,NAN,45000.0,WALK IN,2022-08-20,,TRU4 SYNTHETIC ENGINE OIL 1200 ML,799.0,WELDING REPAIR,100.0,899.0,2022,2022.0,80000.0,NAN,PULSAR 220,DTSF I,6
35,TN54P2626,YAMAHA,FZS BSIV,149.0,2017,100000020.0,JAISUBHA MOTORS,2022-07-30,NAN,35000.0,WALK IN,2022-08-16,,ENGINE OIL,350.0,,0.0,350.0,2022,2022.0,39000.0,NAN,FZS,BSIV,5
41,TN23CS5050,TVS,JUPITER ZX,110.0,2021,100000022.0,BALAMURUGAN AUTOMOBILES,2022-09-09,NAN,40000.0,WALK IN,2022-09-09,,,,,0.0,,2022,2022.0,46400.0,NAN,JUPITER ZX,,1
43,TN93D9482,TVS,JUPITER ZX,110.0,2021,100000020.0,JAISUBHA MOTORS,2021-12-20,MAG PURPLE,78000.0,WALK IN,2021-12-20,110CC BS6,,,,0.0,,2021,2021.0,80860.0,NAN,JUPITER ZX,,0
47,MH46CC2542,SUZUKI,ACCESS 125,124.0,2021,100000018.0,SHREE LAXMI  AUTOMOBILES,2022-02-28,NAN,60000.0,WALK IN,2022-02-28,,V BELT,714.58,STEERING O/H,450.0,1070.0,2022,2022.0,68828.0,NAN,ACCESS 125,,1
50,RJ13GS5104,HERO,HF DELUXEE KICK-DRUM-CAST,97.0,2020,100000013.0,SHANTI TRUMOTO,2022-03-19,NAN,38230.0,WALK IN,2022-03-19,IBS KICK ALLOY 100cc,CLUCH SARI,121.87,,0.0,100.0,2022,2022.0,47412.0,SCUF(SRIRAM),HF DELUXE,KICK DRUM CAST,2
53,DL8SBR6085,TVS,APACHE RTR 160,160.0,2016,100000017.0,RAJPOOT BEST DEALS PVT LTD,2022-02-21,PEARL WHITE,26500.0,WALK IN,2022-02-21,,,,,0.0,,2022,2022.0,79500.0,NAN,APACHE RTR160,,6
58,TN23CA0636,TVS,XL SUPER 70,70.0,2015,100000022.0,BALAMURUGAN AUTOMOBILES,2022-05-20,PEARL PEACH,35000.0,WALK IN,2022-05-20,,,,,0.0,,2022,2022.0,40000.0,NAN,XL SUPER,,7
59,DL14SR4481,YAMAHA,FASCINO,113.0,2022,100000021.0,BAJWA AUTOMOBILES,2022-11-05,NAN,27000.0,TELEPHONE,2022-11-05,,,,,0.0,,2022,2022.0,34000.0,NAN,FASCINO,,0
64,DL4SCX9839,TVS,APACHE RTR 160 4V,160.0,2018,100000003.0,KRISH AUTOMOBILES,2022-01-12,BLACK,50000.0,WALK IN,2022-01-31,,,,,0.0,,2022,2022.0,93000.0,OTHERS,APACHE RTR160,4V,4
65,AP31EH5184,YAMAHA,FASCINO,113.0,2018,100000026.0,WHEELSMART,2022-10-25,NAN,43235.0,OUTDOOR ACTIVITY,2022-10-27,,,,,0.0,,2022,2022.0,56765.0,NAN,FASCINO,,4
66,MH05CF5548,SUZUKI,ACCESS UZ 125 CC,124.0,2014,100000018.0,SHREE LAXMI  AUTOMOBILES,2021-10-23,NAN,20500.0,WALK IN,2021-10-25,,FILTER HOLDER COMP,270.85,,0.0,235.0,2021,2021.0,21060.0,NAN,ACCESS 125,,7
67,UP32JL4643,TVS,JUPITER BSIV,110.0,2017,100000005.0,RAFTAAR TRUMOTO,2022-04-29,SUNLIT IVORY,35000.0,WALK IN,2022-04-30,110cc,,,,0.0,,2022,2022.0,43000.0,NAN,JUPITER,BSIV,5
69,AP05DK6663,YAMAHA,FZS (TYPE CODE RG072) B,149.0,2016,100000026.0,WHEELSMART,2022-06-22,NAN,41000.0,OUTDOOR ACTIVITY,2022-07-12,150CC,,,,0.0,,2022,2022.0,55000.0,NAN,FZS,,6
71,MH06CC8798,TVS,JUPITER,110.0,2020,100000018.0,SHREE LAXMI  AUTOMOBILES,2022-02-14,WALNUT BROWN,55000.0,WALK IN,2022-03-10,110CC BS6,FILTER HOLDER COMP,270.85,WELDING REPAIR,100.0,335.0,2022,2022.0,58904.0,NAN,JUPITER,,2
77,AP39MF4615,HERO,SPLENDOR PLUSI3S-SELF-DRUM-CAST,97.0,2021,100000026.0,WHEELSMART,2022-05-28,NAN,74900.0,OUTDOOR ACTIVITY,2022-05-30,,,,,0.0,,2022,2022.0,75100.0,NAN,SPLENDOR PLUS,I3S SELF DRUM CAST,1
80,TN38CV8291,HONDA,DIO DRUM,110.0,2020,100000019.0,SRI VENKATESWAR AUTOS,2022-08-26,NAN,69000.0,WALK IN,2022-09-02,,TVS TRU4 PREMIUM 10W30 ENGINE OIL 900ML,362.0,,0.0,362.0,2022,2022.0,78000.0,OTHERS,DIO,,2
81,AP31DU8858,ROYAL ENFIELD,CLASSIC 350,350.0,2017,100000023.0,WHEELSMART,2022-10-21,NAN,111500.0,TELEPHONE,2022-11-04,,SPEEDOMETER CABLE BULLET,280.32,GENERAL SERVICING  - MCYCLE,650.0,880.0,2022,2022.0,136500.0,NAN,CLASSIC 350,,5
85,AP39EZ9071,BAJAJ,PULSAR 150 DTSI,150.0,2020,100000027.0,WHEELSMART,2022-09-21,NAN,83050.0,TELEPHONE,2022-10-03,,,,,0.0,,2022,2022.0,92000.0,NAN,PULSAR 150,DTSI,2
88,TN99P8120,BAJAJ,CT 100,102.0,2019,100000020.0,JAISUBHA MOTORS,2022-08-31,NAN,55000.0,WALK IN,2022-09-17,,ENGINE OIL,350.0,,0.0,350.0,2022,2022.0,59000.0,NAN,CT 100,,3
89,DL4SCX0924,TVS,JUPITER BSIV,110.0,2018,100000003.0,KRISH AUTOMOBILES,2022-03-01,WALNUT BROWN,26000.0,WALK IN,2022-03-17,110cc,,,,0.0,,2022,2022.0,58900.0,OTHERS,JUPITER,BSIV,4
91,AP31EP2987,ROYAL ENFIELD,CLASSIC 350,350.0,2018,100000023.0,WHEELSMART,2022-10-12,NAN,126600.0,WALK IN,2022-10-31,,,,,0.0,,2022,2022.0,157400.0,NAN,CLASSIC 350,,4
92,DL9SAW0300,TVS,JUPITER,110.0,2016,100000003.0,KRISH AUTOMOBILES,2022-02-01,TITANIUM GREY,22000.0,WALK IN,2022-02-02,110cc,,,,0.0,,2022,2022.0,47000.0,NAN,JUPITER,,6
93,DL7SCB9906,BAJAJ,CT 100,102.0,2017,100000021.0,BAJWA AUTOMOBILES,2022-11-04,NAN,16000.0,TELEPHONE,2022-11-04,,,,,0.0,,2022,2022.0,21000.0,NAN,CT 100,,5
96,DL5SCP7901,HERO,SPLENDOR PLUS BLACK AND ACCENT,97.0,2021,100000003.0,KRISH AUTOMOBILES,2021-11-08,NAN,55000.0,WALK IN,2021-11-15,100 MILLION EDITION,,,,0.0,,2021,2021.0,57800.0,NAN,SPLENDOR PLUS,BLACK AND ACCENT,0
100,UP32JT4866,TVS,SCOOTY PEPPLUS BSIV,88.0,2018,100000005.0,RAFTAAR TRUMOTO,2022-04-18,MET BLUE,30000.0,WALK IN,2022-04-21,,,,,0.0,,2022,2022.0,40000.0,NAN,SCOOTY PEPPLUS,BSIV,4
102,AP39FA3627,HERO,SPLENDOR PLUSI3S-SELF-DRUM-CAST,97.0,2020,100000026.0,WHEELSMART,2022-06-20,NAN,64100.0,OUTDOOR ACTIVITY,2022-06-22,100CC BLACK AND ACCENT EDITION,,,,0.0,,2022,2022.0,68360.0,NAN,SPLENDOR PLUS,I3S SELF DRUM CAST,2
104,UP32KE7357,TVS,JUPITER ZX BSIV,110.0,2018,100000005.0,RAFTAAR TRUMOTO,2021-10-07,BOTTLE GREEN,35000.0,WALK IN,2021-10-13,110cc,,,,0.0,,2021,2021.0,46200.0,NAN,JUPITER ZX,BSIV,3
111,HR26CQ4194,YAMAHA,FASCINO,113.0,2015,100000004.0,AHINSHA TRUMOTO,2022-03-31,NAN,12000.0,WALK IN,2022-03-31,,,,,0.0,,2022,2022.0,18000.0,NAN,FASCINO,,7
112,RJ07GS6328,BAJAJ,CT 100 ES CBS),102.0,2019,100000013.0,SHANTI TRUMOTO,2021-02-11,NAN,33500.0,WALK IN,2021-03-06,,BRAKE SHOE REAR PULSER,170.0,CARBURATOR / Throttle body ) CLEANING & TUNING WITH CO ANALYS ER - MC 150-200CC,150.0,320.0,2021,2021.0,36860.0,SCUF(SRIRAM),CT 100,ES CBS,2
113,MH05ES1351,TVS,APACHE RTR 160 4V,160.0,2021,100000018.0,SHREE LAXMI  AUTOMOBILES,2022-08-18,BLACK,85000.0,WALK IN,2022-08-21,,TRU4 SYNTHETIC ENGINE OIL 1200 ML,785.0,SPEEDOMETER DRIVE GEAR RPLCMENT - APACHE,50.0,835.0,2022,2022.0,99000.0,NAN,APACHE RTR160,4V,1
115,TN90D8845,TVS,SCOOTY PEPPLUS BSIV,88.0,2019,100000020.0,JAISUBHA MOTORS,2022-04-25,NAN,48000.0,WALK IN,2022-04-25,,,,,0.0,,2022,2022.0,50000.0,NAN,SCOOTY PEPPLUS,BSIV,3
122,DL4SCX4549,HERO,SPLENDOR PLUSI3S-SELF-DRUM-CAST,97.0,2018,100000021.0,BAJWA AUTOMOBILES,2022-07-17,NAN,42000.0,TELEPHONE,2022-09-06,,ENGINE OIL,355.0,,0.0,355.0,2022,2022.0,64000.0,NAN,SPLENDOR PLUS,I3S SELF DRUM CAST,4
123,TN42AE0825,YAMAHA,FASCINO,113.0,2019,100000019.0,SRI VENKATESWAR AUTOS,2022-03-07,NAN,62000.0,WALK IN,2022-03-07,,TVS TRU4 PREMIUM 10W30 ENGINE OIL 1LTR,380.34,GENERAL SERVICING  - MCYCLE,650.0,980.0,2022,2022.0,65000.0,INDUSIND,FASCINO,,3
128,MH48BJ2832,BAJAJ,CT 100,102.0,2018,100000018.0,SHREE LAXMI  AUTOMOBILES,2022-03-30,NAN,28000.0,WALK IN,2022-03-30,,,,,0.0,,2022,2022.0,31064.0,NAN,CT 100,,4
129,DL13SU8041,TVS,APACHE RTR 160 BSIV,160.0,2017,100000021.0,BAJWA AUTOMOBILES,2022-10-31,BLACK,38500.0,TELEPHONE,2022-10-31,,,,,0.0,,2022,2022.0,41500.0,NAN,APACHE RTR160,BSIV,5
134,RJ44SE9138,HERO,HF DELUXEE I3S-SELF-DRUM-CAST,97.0,2019,100000013.0,SHANTI TRUMOTO,2021-02-04,NAN,43232.0,WALK IN,2021-03-13,,BOLT HEX 10NO,30.0,GENERAL SERVICING  - MC 100-350CC,425.0,430.0,2021,2021.0,48572.16,HEROFIN,HF DELUXE,I3S SELF DRUM CAST,2
136,DL4SCZ9874,TVS,JUPITER BSIV,110.0,2019,100000003.0,KRISH AUTOMOBILES,2021-08-02,WALNUT BROWN,25000.0,WALK IN,2021-08-02,110CC,,,,0.0,,2021,2021.0,50200.0,OTHERS,JUPITER,BSIV,2
139,DL3SDD5150,BAJAJ,PULSAR 220 DTSI F,220.0,2016,100000004.0,AHINSHA TRUMOTO,2022-10-01,NAN,25000.0,TELEPHONE,2022-10-01,,,,,0.0,,2022,2022.0,75000.0,NAN,PULSAR 220,DTSI F,6
141,DL4SDG0610,TVS,JUPITER,110.0,2014,100000003.0,KRISH AUTOMOBILES,2021-08-02,TITANIUM GREY,17000.0,WALK IN,2021-08-02,110cc,,,,0.0,,2021,2021.0,31014.56,NAN,JUPITER,,7
142,TN93D7471,HONDA,SHINE DRUM,125.0,2021,100000020.0,JAISUBHA MOTORS,2021-11-02,NAN,80000.0,WALK IN,2021-11-05,125CC DISC BS6,,,,0.0,,2021,2021.0,81680.0,NAN,SHINE,,0
144,MH04JW6938,TVS,SCOOTY PEPPLUS BSIV,88.0,2018,100000018.0,SHREE LAXMI  AUTOMOBILES,2022-07-06,STALLION BROWN,33500.0,WALK IN,2022-09-27,,TVS TRU4 SKUUTA 10W30 ENGINE OIL 900ML,390.0,Magneto Replacement,100.0,490.0,2022,2022.0,36500.0,NAN,SCOOTY PEPPLUS,BSIV,4
146,AP05EV2766,HONDA,CB SHINE,125.0,2018,100000026.0,WHEELSMART,2022-06-18,NAN,60000.0,OUTDOOR ACTIVITY,2022-06-18,125cc Drum,,,,0.0,,2022,2022.0,64000.0,NAN,SHINE,,4
151,UP32KC5040,HONDA,CB125 SHINE SP,125.0,2018,100000005.0,RAFTAAR TRUMOTO,2021-12-28,NAN,43000.0,WALK IN,2021-12-31,125CC CBS,,,,0.0,,2022,2022.0,56440.0,NAN,SHINE,SP,4
152,MH05DB5658,HONDA,DIO HET,110.0,2016,100000018.0,SHREE LAXMI  AUTOMOBILES,2022-01-25,NAN,25000.0,WALK IN,2022-01-25,,TVS TRU4 SKUUTA 10W30 ENGINE OIL 900ML,409.15,FRAME REPAIRS,100.0,455.0,2022,2022.0,25560.0,NAN,DIO,,6
156,DL7SBZ1630,BAJAJ,PULSAR  220 SF,220.0,2015,100000017.0,RAJPOOT BEST DEALS PVT LTD,2022-02-23,NAN,32000.0,WALK IN,2022-02-24,,,,,0.0,,2022,2022.0,68000.0,NAN,PULSAR 220,SF,7
157,DL11SX4351,HERO,SPLENDOR PLUSI3S-SELF-DRUM-CAST,97.0,2018,100000017.0,RAJPOOT BEST DEALS PVT LTD,2022-07-19,NAN,37000.0,WALK IN,2022-07-19,I3s,,,,0.0,,2022,2022.0,69000.0,OTHERS,SPLENDOR PLUS,I3S SELF DRUM CAST,4
160,TN38CW6467,TVS,JUPITER,110.0,2020,100000019.0,SRI VENKATESWAR AUTOS,2022-07-05,WALNUT BROWN,59000.0,WALK IN,2022-07-05,110CC BS6,TVS TRU4 PREMIUM 10W30 ENGINE OIL 900ML,417.22,GENERAL SERVICING  - MCYCLE,650.0,1012.0,2022,2022.0,64000.0,OTHERS,JUPITER,,2
163,DL13SU1445,SUZUKI,ACCESS 125,124.0,2017,100000021.0,BAJWA AUTOMOBILES,2022-06-26,NAN,20000.0,TELEPHONE,2022-06-26,,TVS TRU4 PREMIUM 10W30 ENGINE OIL 900ML,417.22,,0.0,362.0,2022,2022.0,28000.0,NAN,ACCESS 125,,5
164,TN38CT5391,BAJAJ,PULSAR 220 DTSI F ABS),220.0,2019,100000019.0,SRI VENKATESWAR AUTOS,2022-08-16,NAN,98000.0,WALK IN,2022-08-18,,TVS TRU4 PREMIUM 10W30 ENGINE OIL 900ML,362.0,general labour,300.0,662.0,2022,2022.0,102000.0,BAJAJFIN,PULSAR 220,DTSI F ABS,3
165,MH05EE2290,TVS,SCOOTY PEPPLUS BSIV,88.0,2019,100000018.0,SHREE LAXMI  AUTOMOBILES,2022-02-24,FL RED,45000.0,WALK IN,2022-02-28,,GEAR OIL,73.13,FRONT/REAR DRUM BRAKE SHOE CLEAN RPLCMENT - APACHE,65.0,125.0,2022,2022.0,46964.0,NAN,SCOOTY PEPPLUS,BSIV,3
166,TN30BR2313,HERO,SPLENDOR PLUSI3S-SELF-DRUM-CAST,97.0,2020,100000020.0,JAISUBHA MOTORS,2022-11-12,NAN,65000.0,TELEPHONE,2022-11-12,,ENGINE OIL,403.38,,0.0,350.0,2022,2022.0,68500.0,NAN,SPLENDOR PLUS,I3S SELF DRUM CAST,2
168,RJ13HS4356,HERO,HF DELUXEE KICK-DRUM-CAST,97.0,2020,100000013.0,SHANTI TRUMOTO,2022-03-28,NAN,36000.0,WALK IN,2022-03-28,IBS KICK ALLOY 100cc,JUPITER SEAT COVER,243.75,,0.0,200.0,2022,2022.0,46782.0,SCUF(SRIRAM),HF DELUXE,KICK DRUM CAST,2
170,TN37DW4054,HERO,PASSION PRO I3S-SELF-DRUM-CAST,110.0,2019,100000019.0,SRI VENKATESWAR AUTOS,2021-10-28,NAN,63000.0,E MAIL,2021-10-30,100CC DISC ALLOY,TVS TRU4 PREMIUM 10W30 ENGINE OIL 1LTR,380.34,GENERAL SERVICE WITH OIL,220.0,550.0,2021,2021.0,60000.0,NAN,PASSION PRO,I3S SELF DRUM CAST,2
175,TN54U6508,TVS,JUPITER ZX,110.0,2021,100000020.0,JAISUBHA MOTORS,2021-12-31,MAG PURPLE,77000.0,WALK IN,2021-12-31,110CC BS6,,,,0.0,,2021,2021.0,78740.0,NAN,JUPITER ZX,,0
176,AP39BY3123,BAJAJ,PULSAR 150 DTSI ABS),150.0,2019,100000023.0,WHEELSMART,2022-08-10,NAN,71500.0,WALK IN,2022-10-27,,,,,0.0,,2022,2022.0,88500.0,OTHERS,PULSAR 150,DTSI ABS,3
177,DL11SS2264,TVS,SCOOTY PEPPLUS BSIV,88.0,2017,100000003.0,KRISH AUTOMOBILES,2022-05-29,C WHITE,27000.0,WALK IN,2022-05-29,110cc,ENGINE OIL,383.91,BATTERY CHARGING - APACHE,50.0,365.0,2022,2022.0,47000.0,OTHERS,SCOOTY PEPPLUS,BSIV,5
179,TN29CY2882,HONDA,DIO DLX,110.0,2020,100000020.0,JAISUBHA MOTORS,2022-12-28,NAN,48000.0,TELEPHONE,2022-12-28,,ENGINE OIL,403.38,,0.0,350.0,2022,2022.0,52000.0,NAN,DIO,,2
182,AP31EA5334,YAMAHA,FASCINO,113.0,2017,100000026.0,WHEELSMART,2022-06-18,NAN,40000.0,OUTDOOR ACTIVITY,2022-06-18,,,,,0.0,,2022,2022.0,44000.0,NAN,FASCINO,,5
183,AP31DF2526,YAMAHA,FASCINO BSIII,113.0,2016,100000023.0,WHEELSMART,2022-10-17,NAN,26600.0,WALK IN,2022-10-21,,YAMALUBE MINERAL,320.0,,0.0,320.0,2022,2022.0,43400.0,NAN,FASCINO,BSIII,6
184,TN37DB7831,HONDA,CB UNICORN,150.0,2018,100000019.0,SRI VENKATESWAR AUTOS,2021-08-20,NAN,37667.0,E MAIL,2021-08-20,160cc Cbs,TVS TRU4 PREMIUM 10W30 ENGINE OIL 900ML,357.29,GENERAL SERVICING  - MCYCLE,650.0,960.0,2022,2022.0,41959.96,NAN,CB UNICORN 160,,4
185,DL4SCR6901,TVS,JUPITER BSIV,110.0,2017,100000003.0,KRISH AUTOMOBILES,2021-10-29,BLACK,25500.0,WALK IN,2021-10-29,110cc,,,,0.0,,2021,2021.0,43364.0,NAN,JUPITER,BSIV,4
195,TN41AR0667,HERO,PASSION PRO I3S DRUM BSIII,110.0,2017,100000019.0,SRI VENKATESWAR AUTOS,2021-10-28,NAN,40000.0,WALK IN,2021-10-30,100cc,TVS TRU4 PREMIUM 10W30 ENGINE OIL 1LTR,380.34,GENERAL SERVICE WITH OIL,220.0,550.0,2021,2021.0,64640.0,NAN,PASSION PRO,I3S DRUM BSIII,4
198,MH04KG6742,SUZUKI,ACCESS 125,124.0,2019,100000018.0,SHREE LAXMI  AUTOMOBILES,2021-09-07,NAN,52000.0,WALK IN,2021-09-08,,TVS TRU4 SKUUTA 10W30 ENGINE OIL 900ML,409.15,,0.0,355.0,2021,2021.0,56480.0,NAN,ACCESS 125,,2
204,AP39AU3858,BAJAJ,PULSAR 150 DTSI,150.0,2019,100000026.0,WHEELSMART,2022-09-21,NAN,80000.0,OUTDOOR ACTIVITY,2022-09-22,,,,,0.0,,2022,2022.0,82402.0,NAN,PULSAR 150,DTSI,3
206,TN38CZ7243,HERO,PASSION PRO DISC-SELF-CAST-S,110.0,2021,100000019.0,SRI VENKATESWAR AUTOS,2022-03-17,NAN,63500.0,WALK IN,2022-03-17,100 MILLION EDITION DISC,TVS TRU4 PREMIUM 10W30 ENGINE OIL 1LTR,380.34,GENERAL SERVICING  - MCYCLE,650.0,980.0,2022,2022.0,70500.0,INDUSIND,PASSION PRO,DISC SELF CAST S,1
215,DL3SDK8447,HERO,SPLENDOR PLUS,97.0,2016,100000003.0,KRISH AUTOMOBILES,2021-10-08,NAN,26000.0,WALK IN,2021-11-23,100CC,,,,0.0,,2021,2021.0,40560.0,NAN,SPLENDOR PLUS,,5
216,TN54U5694,HONDA,DIO DRUM,110.0,2021,100000020.0,JAISUBHA MOTORS,2022-07-30,NAN,62000.0,WALK IN,2022-08-05,,ENGINE OIL,350.0,,0.0,350.0,2022,2022.0,65000.0,NAN,DIO,,1
220,MH05EH9535,TVS,JUPITER ZX,110.0,2020,100000018.0,SHREE LAXMI  AUTOMOBILES,2022-04-23,MAG PURPLE,55000.0,WALK IN,2022-05-14,110CC BS6,FILTER HOLDER COMP,270.85,CYLINDER HEAD MACHINING,100.0,335.0,2022,2022.0,59354.0,NAN,JUPITER ZX,,2
223,AP31EP8978,BAJAJ,PULSAR 150 DTSI,150.0,2018,100000023.0,WHEELSMART,2022-07-22,NAN,63000.0,WALK IN,2022-07-25,,ENGINE OIL 20W50 1 LT BAJAJ,490.0,,0.0,490.0,2022,2022.0,81000.0,OTHERS,PULSAR 150,DTSI,4
226,MH05CU2885,TVS,WEGO,110.0,2016,100000018.0,SHREE LAXMI  AUTOMOBILES,2021-09-21,VOLCANO RED,28500.0,WALK IN,2021-11-16,110cc,,,,0.0,,2021,2021.0,28500.0,NAN,WEGO,,5
228,DL8SCD2718,TVS,JUPITER ZX BSIV,110.0,2017,100000017.0,RAJPOOT BEST DEALS PVT LTD,2022-05-04,MAG PURPLE,27000.0,WALK IN,2022-05-04,110cc,,,,0.0,,2022,2022.0,55000.0,NAN,JUPITER ZX,BSIV,5
229,DL3SEC6736,HONDA,AVIATOR,110.0,2018,100000004.0,AHINSHA TRUMOTO,2022-03-23,NAN,26000.0,WALK IN,2022-03-23,,,,,0.0,,2022,2022.0,46000.0,NAN,AVIATOR,,4
232,TN99U2578,HONDA,DIO DLX,110.0,2021,100000019.0,SRI VENKATESWAR AUTOS,2022-01-07,NAN,70000.0,WALK IN,2022-01-07,,TVS TRU4 PREMIUM 10W30 ENGINE OIL 900ML,357.29,GENERAL SERVICING  - MCYCLE,650.0,960.0,2022,2022.0,73000.0,OTHERS,DIO,,1
233,AP39AM0568,ROYAL ENFIELD,CLASSIC 350 ABS,350.0,2019,100000026.0,WHEELSMART,2022-06-06,NAN,157000.0,OUTDOOR ACTIVITY,2022-06-06,350 S ABS,,,,0.0,,2022,2022.0,169000.0,NAN,CLASSIC 350,ABS,3
235,TN30BK5036,TVS,JUPITER BSIV,110.0,2018,100000020.0,JAISUBHA MOTORS,2022-03-31,NAN,35000.0,WALK IN,2022-03-31,110cc,,,,0.0,,2022,2022.0,41000.0,NAN,JUPITER,BSIV,4
237,DL3SEQ5566,TVS,JUPITER,110.0,2020,100000003.0,KRISH AUTOMOBILES,2021-09-14,WALNUT BROWN,50000.0,WALK IN,2021-09-14,110CC BS6,,,,0.0,,2021,2021.0,58960.0,NAN,JUPITER,,1
241,AP31DQ9585,SUZUKI,ACCESS 125,124.0,2017,100000026.0,WHEELSMART,2022-06-08,NAN,25460.0,OUTDOOR ACTIVITY,2022-06-08,,,,,0.0,,2022,2022.0,49610.0,NAN,ACCESS 125,,5
244,AP39GS3521,YAMAHA,FASCINO,113.0,2020,100000027.0,WHEELSMART,2022-08-30,NAN,63500.0,WALK IN,2022-08-30,,BLACK SPRAY,150.0,GENERAL SERVICING  - SCOOTER,300.0,450.0,2022,2022.0,69000.0,INDUSIND,FASCINO,,2
245,DL8SCP1577,TVS,APACHE RTR 160 4V,160.0,2019,100000017.0,RAJPOOT BEST DEALS PVT LTD,2022-03-04,BLACK,56500.0,WALK IN,2022-03-04,,,,,0.0,,2022,2022.0,83500.0,OTHERS,APACHE RTR160,4V,3
247,MH06CA5602,YAMAHA,FZS,149.0,2019,100000018.0,SHREE LAXMI  AUTOMOBILES,2022-01-21,NAN,50000.0,WALK IN,2022-04-19,,FILTER HOLDER COMP,270.85,CYLINDER HEAD MACHINING,100.0,335.0,2022,2022.0,54114.0,NAN,FZS,,3
248,DL4SCS3807,SUZUKI,ACCESS 125,124.0,2017,100000003.0,KRISH AUTOMOBILES,2021-03-14,NAN,21000.0,WALK IN,2021-03-23,,TVS TRU4 PREMIUM 10W30 ENGINE OIL 1LTR,290.0,WATER  WASH - SCOOTY,50.0,340.0,2021,2021.0,40040.0,HDFC,ACCESS 125,,4
255,MH05DX4530,HONDA,CB UNICORN,150.0,2018,100000018.0,SHREE LAXMI  AUTOMOBILES,2022-04-11,NAN,45000.0,WALK IN,2022-04-11,150cc,TVS TRU4 SKUUTA 10W30 ENGINE OIL 900ML,449.49,CYLINDER HEAD MACHINING,100.0,490.0,2022,2022.0,48166.0,NAN,CB UNICORN 160,,4
256,KA03KA7096,HONDA,DIO,110.0,2019,100000011.0,AARAG TRUMOTO,2020-10-31,NAN,68000.0,WALK IN,2020-12-09,,,,,0.0,,2020,2020.0,65000.0,IDFC,DIO,,1
257,AP05ET2937,YAMAHA,FZS (TC-RG442),149.0,2018,100000026.0,WHEELSMART,2022-12-20,NAN,62000.0,OUTDOOR ACTIVITY,2022-12-28,,,,,0.0,,2022,2022.0,74000.0,NAN,FZS,,4
258,DL8SCT0784,TVS,APACHE RTR 160 4V,160.0,2019,100000021.0,BAJWA AUTOMOBILES,2022-11-05,AP RED,0.0,TELEPHONE,2022-07-22,,TVS TRU4 PREMIUM 10W30 ENGINE OIL 900ML,362.0,WATER  WASH - SCOOTY,50.0,412.0,2022,2022.0,90400.0,NAN,APACHE RTR160,4V,3
259,TN90D4581,HONDA,DIO,110.0,2018,100000020.0,JAISUBHA MOTORS,2022-05-30,NAN,62000.0,WALK IN,2022-05-30,,,,,0.0,,2022,2022.0,68000.0,NAN,DIO,,4
260,DL11SR4439,TVS,JUPITER BSIV,110.0,2017,100000017.0,RAJPOOT BEST DEALS PVT LTD,2022-05-11,DP MATTE BLUE,28000.0,WALK IN,2022-05-11,110cc,,,,0.0,,2022,2022.0,55000.0,OTHERS,JUPITER,BSIV,5
261,DL4SDE8969,TVS,JUPITER ZX,110.0,2020,100000003.0,KRISH AUTOMOBILES,2021-09-24,STARLIGHT BLUE,54000.0,WALK IN,2021-10-10,110CC BS6,,,,0.0,,2021,2021.0,63520.0,NAN,JUPITER ZX,,1
263,DL9SBT9597,HERO,PASSION PRO I3S-SELF-DRUM-CAST,110.0,2018,100000021.0,BAJWA AUTOMOBILES,2022-05-11,NAN,33500.0,TELEPHONE,2022-05-11,,ENGINE OIL,420.68,WATER  WASH - SCOOTY,50.0,415.0,2022,2022.0,52502.0,NAN,PASSION PRO,I3S SELF DRUM CAST,4
264,MH46BS9213,SUZUKI,ACCESS 125,124.0,2019,100000025.0,A S MOTOR,2022-07-01,NAN,45000.0,WALK IN,2022-07-07,,TRU4 SYNTHETIC ENGINE OIL 1200 ML,920.88,,0.0,799.0,2022,2022.0,52180.0,NAN,ACCESS 125,,3
266,DL8SBR5890,YAMAHA,FASCINO,113.0,2016,100000021.0,BAJWA AUTOMOBILES,2022-06-26,NAN,26000.0,TELEPHONE,2022-06-26,,TRU4 SYNTHETIC ENGINE OIL 1200 ML,920.88,,0.0,799.0,2022,2022.0,42000.0,NAN,FASCINO,,6
269,DL9SBF8183,HERO,SPLENDOR PLUS,97.0,2016,100000003.0,KRISH AUTOMOBILES,2021-03-15,NAN,26000.0,WALK IN,2021-03-23,,TVS TRU4 PREMIUM 10W30 ENGINE OIL 1LTR,290.0,,0.0,290.0,2022,2022.0,44000.0,NAN,SPLENDOR PLUS,,6
271,AP39DZ2025,ROYAL ENFIELD,CLASSIC 350 EFI,350.0,2020,100000027.0,WHEELSMART,2022-09-20,NAN,173060.0,TELEPHONE,2022-10-08,,CASTROL 5ML,6.0,,0.0,6.0,2022,2022.0,177000.0,NAN,CLASSIC 350,EFI,2
275,MH05DC8858,TVS,JUPITER,110.0,2016,100000018.0,SHREE LAXMI  AUTOMOBILES,2022-08-11,C WHITE,36000.0,WALK IN,2022-08-17,,TVS TRU4 SKUUTA 10W30 ENGINE OIL 900ML,390.0,LABOUR,650.0,1040.0,2022,2022.0,51000.0,NAN,JUPITER,,6
277,MH43AV7963,ROYAL ENFIELD,CLASSIC 350CC,350.0,2015,100000018.0,SHREE LAXMI  AUTOMOBILES,2022-01-12,NAN,92000.0,WALK IN,2022-01-12,350cc,TRU4 SYNTHETIC ENGINE OIL 1200 ML,904.74,WELDING REPAIR,100.0,885.0,2022,2022.0,93680.0,NAN,CLASSIC 350,,7
279,DL4SCW1836,TVS,APACHE RTR 160 4V,160.0,2018,100000003.0,KRISH AUTOMOBILES,2021-10-29,BLACK,45000.0,WALK IN,2021-10-29,,,,,0.0,,2021,2021.0,70772.32,OTHERS,APACHE RTR160,4V,3
283,DL12SE5391,HONDA,CB SHINE,125.0,2015,100000004.0,AHINSHA TRUMOTO,2022-03-31,NAN,20000.0,WALK IN,2022-03-31,125cc,,,,0.0,,2022,2022.0,42000.0,NAN,SHINE,,7
288,RJ44SE5002,HERO,HF DELUXEE SELF-DRUM-CAST,97.0,2019,100000013.0,SHANTI TRUMOTO,2021-02-04,NAN,40692.0,WALK IN,2021-03-05,,CHAIN COVER KIT,780.0,,0.0,640.0,2022,2022.0,46138.56,HEROFIN,HF DELUXE,DRUM SELF CAST,3
291,AP35AP7243,TVS,JUPITER BSIV,110.0,2018,100000026.0,WHEELSMART,2022-06-20,DP MATTE BLUE,42000.0,OUTDOOR ACTIVITY,2022-06-22,110cc,,,,0.0,,2022,2022.0,44000.0,NAN,JUPITER,BSIV,4
292,TN66X0588,ROYAL ENFIELD,CLASSIC 350 BS IV,350.0,2018,100000019.0,SRI VENKATESWAR AUTOS,2021-11-24,NAN,133000.0,E MAIL,2022-01-05,350cc,TVS TRU4 PREMIUM 10W30 ENGINE OIL 900ML,357.29,,0.0,310.0,2022,2022.0,139000.0,NAN,CLASSIC 350,BSIV,4
293,RJ07GS5714,TVS,SPORT DURALIFE BSIV,110.0,2017,100000013.0,SHANTI TRUMOTO,2022-03-25,C WHITE,15500.0,WALK IN,,,,,,,,2022,2022.0,26500.0,SCUF(SRIRAM),SPORT,DURALIFE BSIV,5
296,MH04KS7087,HERO,PASSION PRO DRUM-SELF-CAST,110.0,2020,100000018.0,SHREE LAXMI  AUTOMOBILES,2022-10-31,NAN,56500.0,WALK IN,2022-10-31,,TVS TRU4 SKUUTA 10W30 ENGINE OIL 900ML,390.0,CLUTCH O/H,354.0,744.0,2022,2022.0,58900.0,NAN,PASSION PRO,DRUM SELF CAST,2
297,AP39JR9141,SUZUKI,ACCESS 125,124.0,2021,100000026.0,WHEELSMART,2022-10-14,NAN,76000.0,OUTDOOR ACTIVITY,2022-12-06,,,,,0.0,,2022,2022.0,80000.0,NAN,ACCESS 125,,1
298,RJ44SB3393,TVS,SPORT,110.0,2015,100000013.0,SHANTI TRUMOTO,2021-12-16,C WHITE,11100.0,WALK IN,2021-12-16,100cc,CENTAR PATTI,54.84,,0.0,45.0,2021,2021.0,15293.28,TVSCS,SPORT,,6
299,AP39JB4913,TVS,SCOOTY PEPPLUS,88.0,2021,100000027.0,WHEELSMART,2022-09-30,XX,54900.0,TELEPHONE,2022-10-03,,,,,0.0,,2022,2022.0,56000.0,OTHERS,SCOOTY PEPPLUS,,1
301,TN30BH5324,TVS,SCOOTY PEP PLUS BSIV,88.0,2017,100000020.0,JAISUBHA MOTORS,2022-05-13,XX,45000.0,WALK IN,2022-05-21,,,,,0.0,,2022,2022.0,51000.0,NAN,SCOOTY PEP PLUS,BSIV,5
305,TN54R6379,HONDA,DIO,110.0,2018,100000020.0,JAISUBHA MOTORS,2022-07-30,NAN,62000.0,WALK IN,2022-09-29,,ENGINE OIL,350.0,,0.0,350.0,2022,2022.0,68000.0,NAN,DIO,,4
308,AP39GX2511,BAJAJ,PULSAR 150 DTSI,150.0,2020,100000026.0,WHEELSMART,2022-09-30,NAN,85816.0,OUTDOOR ACTIVITY,2022-09-30,,,,,0.0,,2022,2022.0,94184.0,NAN,PULSAR 150,DTSI,2
309,DL7SCA4831,TVS,JUPITER,110.0,2016,100000017.0,RAJPOOT BEST DEALS PVT LTD,2021-11-13,DP MATTE BLUE,22000.0,WALK IN,2021-12-14,110cc,,,,0.0,,2022,2022.0,47760.0,OTHERS,JUPITER,,6
310,MH01DM1713,SUZUKI,ACCESS 125,124.0,2019,100000018.0,SHREE LAXMI  AUTOMOBILES,2021-10-11,NAN,57500.0,WALK IN,2021-10-29,,FILTER HOLDER COMP,541.7,,0.0,235.0,2021,2021.0,59180.0,NAN,ACCESS 125,,2
312,MH43BQ0150,HONDA,CB125 SHINE SP,125.0,2018,100000018.0,SHREE LAXMI  AUTOMOBILES,2022-12-22,NAN,45000.0,TELEPHONE,2022-12-31,,TVS TRU4 SKUUTA 10W30 ENGINE OIL 900ML,390.0,Magneto Replacement,100.0,490.0,2022,2022.0,46800.0,NAN,SHINE,SP,4
313,UP32KA1109,TVS,JUPITER BSIV,110.0,2018,100000005.0,RAFTAAR TRUMOTO,2022-08-04,BLACK,30000.0,WALK IN,2022-08-10,110cc,ENGINE OIL,200.0,LABOUR CHARGE,100.0,300.0,2022,2022.0,50000.0,NAN,JUPITER,BSIV,4
314,DL3SEH8976,TVS,JUPITER ZX BSIV,110.0,2019,100000004.0,AHINSHA TRUMOTO,2022-07-29,STARLIGHT BLUE,36000.0,WALK IN,2022-07-29,110CC,,,,0.0,,2022,2022.0,74000.0,NAN,JUPITER ZX,BSIV,3
318,MH04JY9149,HERO,PASSION PRO110DISC-SELF-CAST,110.0,2018,100000018.0,SHREE LAXMI  AUTOMOBILES,2021-09-14,NAN,0.0,WALK IN,2021-09-15,100CC DISC ALLOY,INDICATOR GLASS,255.94,BATTERY CHARGING - MCYCLE,50.0,260.0,2021,2021.0,55440.0,NAN,PASSION PRO,DISC SELF CAST,3
319,TN54M1517,YAMAHA,FZ S,149.0,2016,100000020.0,JAISUBHA MOTORS,2022-05-10,NAN,50000.0,WALK IN,2022-05-12,150CC,,,,0.0,,2022,2022.0,56000.0,NAN,FZS,,6
320,MH47AT4903,HONDA,CB UNICORN,150.0,2020,100000018.0,SHREE LAXMI  AUTOMOBILES,2022-07-06,NAN,66500.0,WALK IN,2022-07-07,150CC ABS BS6,TRU4 SYNTHETIC ENGINE OIL 1200 ML,904.74,ENGINE O/H(CRANKSHAFT/DRIVESHAFT/CAM SHIFTER) - MCYCLE,900.0,1685.0,2022,2022.0,83500.0,NAN,CB UNICORN 160,,2
324,DL8SCD9305,TVS,JUPITER BSIV,110.0,2017,100000017.0,RAJPOOT BEST DEALS PVT LTD,2022-02-26,C WHITE,28000.0,WALK IN,2022-02-26,110cc,,,,0.0,,2022,2022.0,60000.0,NAN,JUPITER,BSIV,5
326,DL14SK0757,YAMAHA,FZS FR & RR DISC,149.0,2019,100000021.0,BAJWA AUTOMOBILES,2022-11-07,NAN,45000.0,TELEPHONE,2022-11-07,,,,,0.0,,2022,2022.0,52000.0,NAN,FZS,FR & RR DISC,3
327,UP32GS7439,TVS,JUPITER,110.0,2015,100000005.0,RAFTAAR TRUMOTO,2022-06-07,SP SILVER,22500.0,WALK IN,2022-06-29,110cc,ENGINE OIL,218.98,Air filter cleaning/ replacement  - MOPED,62.5,252.5,2022,2022.0,33500.0,NAN,JUPITER,,7
329,RJ49SF7962,BAJAJ,CT 100,102.0,2021,100000013.0,SHANTI TRUMOTO,2022-10-29,NAN,38070.0,OUTDOOR ACTIVITY,2022-10-29,,METER COVER,120.0,,220.0,340.0,2022,2022.0,39372.0,SCUF(SRIRAM),CT 100,,1
330,RJ07DS7895,TVS,SPORT DURALIFE BSIV,110.0,2018,100000013.0,SHANTI TRUMOTO,2021-04-07,POLY BLACK,27100.0,WALK IN,2022-02-01,100cc,RUBBER BAR FOOTREST,64.54,"CYLINDER BLOCK, PISTON, RINGS,  O/H OR REPLACEMENT - MC 100-135CC",650.0,706.0,2022,2022.0,33202.88,TVSCS,SPORT,DURALIFE BSIV,4
335,MH05DC5587,HONDA,UNICORN,150.0,2016,100000018.0,SHREE LAXMI  AUTOMOBILES,2022-09-25,NAN,28000.0,TELEPHONE,2022-09-25,,TVS TRU4 SKUUTA 10W30 ENGINE OIL 900ML,390.0,,0.0,390.0,2022,2022.0,29000.0,NAN,CB UNICORN 160,,6
337,MH01BZ3456,YAMAHA,FASCINO,113.0,2015,100000018.0,SHREE LAXMI  AUTOMOBILES,2022-10-15,NAN,12000.0,DIRECT MARKETING,2022-10-15,,TVS TRU4 SKUUTA 10W30 ENGINE OIL 900ML,390.0,FRAME REPAIRS,100.0,490.0,2022,2022.0,13400.0,NAN,FASCINO,,7
343,AP39GM6448,BAJAJ,PULSAR 150 DTSI,150.0,2020,100000026.0,WHEELSMART,2022-10-20,NAN,81270.0,OUTDOOR ACTIVITY,2022-10-27,,,,,0.0,,2022,2022.0,96730.0,NAN,PULSAR 150,DTSI,2
345,AP39EH7030,ROYAL ENFIELD,CLASSIC 350 EFI,350.0,2020,100000026.0,WHEELSMART,2022-08-29,NAN,174200.0,OUTDOOR ACTIVITY,2022-11-19,,,,,0.0,,2022,2022.0,178200.0,NAN,CLASSIC 350,EFI,2
348,DL3SDF5727,TVS,JUPITER,110.0,2016,100000004.0,AHINSHA TRUMOTO,2022-05-08,DP METTE BLUE,19000.0,WALK IN,2022-05-08,110cc,,,,0.0,,2022,2022.0,53000.0,NAN,JUPITER,,6
349,RJ13SZ8555,HERO,HF DELUXEE SELF-DRUM-CAST,97.0,2017,100000013.0,SHANTI TRUMOTO,2021-02-10,NAN,32800.0,WALK IN,2021-07-08,,CAM CHAIN,255.94,,0.0,210.0,2021,2021.0,39744.0,SCUF(SRIRAM),HF DELUXE,DRUM SELF CAST,4
354,TN30BK9851,TVS,JUPITER BSIV,110.0,2018,100000020.0,JAISUBHA MOTORS,2022-08-05,DP MATTE BLUE,55000.0,WALK IN,2022-08-05,110cc,ENGINE OIL,350.0,,0.0,350.0,2022,2022.0,58000.0,NAN,JUPITER,BSIV,4
357,AP39JZ7877,HONDA,SHINE DISC,125.0,2021,100000026.0,WHEELSMART,2022-09-19,NAN,70000.0,OUTDOOR ACTIVITY,2022-11-05,,TYRE,1700.0,SPARES (OUTSIDE),844.0,2544.0,2022,2022.0,90000.0,NAN,SHINE,,1
362,DL3SCX9053,TVS,JUPITER,110.0,2016,100000004.0,AHINSHA TRUMOTO,2021-12-09,SP SILVER,0.0,WALK IN,2021-12-12,110cc,,,,0.0,,2021,2021.0,61600.0,NAN,JUPITER,,5
365,DL3SDQ2904,TVS,JUPITER BSIV,110.0,2017,100000004.0,AHINSHA TRUMOTO,2021-11-08,C WHITE,25000.0,WALK IN,2021-11-08,110cc,,,,0.0,,2022,2022.0,45000.0,NAN,JUPITER,BSIV,5
368,AP39DA3376,ROYAL ENFIELD,CLASSIC 350 ABS,350.0,2019,100000027.0,WHEELSMART,2022-11-09,NAN,152500.0,TELEPHONE,2022-11-12,,,,,0.0,,2022,2022.0,164000.0,OTHERS,CLASSIC 350,ABS,3
371,MH05CL5596,HONDA,DIO,110.0,2015,100000018.0,SHREE LAXMI  AUTOMOBILES,2022-03-06,NAN,22000.0,WALK IN,2022-03-06,,GEAR OIL,73.13,WELDING REPAIR,100.0,160.0,2022,2022.0,24994.0,NAN,DIO,,7
373,UP67AA0920,TVS,SCOOTY PEPPLUS BSIV,88.0,2019,100000015.0,MISHRA TRUMOTO,2021-12-01,PURPLE,36000.0,WALK IN,2021-12-08,,,,,0.0,,2022,2022.0,58000.0,TVSCS,SCOOTY PEPPLUS,BSIV,3
374,AP05DK5541,BAJAJ,PULSAR 150 DTSI BSIII,150.0,2016,100000026.0,WHEELSMART,2022-06-20,NAN,47000.0,OUTDOOR ACTIVITY,2022-06-22,,,,,0.0,,2022,2022.0,53000.0,NAN,PULSAR 150,DTSI BSIII,6
375,DL9SBS0398,TVS,APACHE RTR 160 4V,160.0,2018,100000017.0,RAJPOOT BEST DEALS PVT LTD,2022-02-17,RACING RED,48400.0,WALK IN,2022-02-17,,,,,0.0,,2022,2022.0,79600.0,NAN,APACHE RTR160,4V,4
376,DL1SAD9323,HERO,SPLENDOR PLUSI3S-SELF-DRUM-CAST,97.0,2018,100000003.0,KRISH AUTOMOBILES,2022-02-25,NAN,37000.0,WALK IN,2022-02-25,I3s,,,,0.0,,2022,2022.0,52400.0,NAN,SPLENDOR PLUS,I3S SELF DRUM CAST,4
377,AP26CE1971,BAJAJ,PULSAR 220 DTSI F,220.0,2018,100000027.0,WHEELSMART,2022-06-17,NAN,77500.0,WALK IN,,,,,,,,2022,2022.0,98000.0,INDUSIND,PULSAR 220,DTSI F,4
380,TN99T0759,TVS,JUPITER,110.0,2020,100000019.0,SRI VENKATESWAR AUTOS,2022-03-07,WALNUT BROWN,59500.0,WALK IN,2022-03-07,110CC BS6,TVS TRU4 PREMIUM 10W30 ENGINE OIL 1LTR,380.34,GENERAL SERVICING  - MCYCLE,650.0,980.0,2022,2022.0,65500.0,OTHERS,JUPITER,,2
384,TN72BE4637,HONDA,ACTIVA 125 BSIII,125.0,2016,100000007.0,NELLAI MOTORS,2021-07-20,NAN,37000.0,WALK IN,2021-12-21,,,,,0.0,,2021,2021.0,38680.0,HDFC,ACTIVA 125,BSIII,5
387,DL4SCR7919,TVS,JUPITER BSIV,110.0,2017,100000003.0,KRISH AUTOMOBILES,2022-03-21,C WHITE,25000.0,WALK IN,2022-03-21,110cc,,,,0.0,,2022,2022.0,59000.0,NAN,JUPITER,BSIV,5
390,RJ49SF5940,BAJAJ,CT 100,102.0,2021,100000013.0,SHANTI TRUMOTO,2022-10-08,NAN,39620.0,OUTDOOR ACTIVITY,2022-10-09,,ENGINE OIL 1,160.0,,220.0,380.0,2022,2022.0,40382.0,SCUF(SRIRAM),CT 100,,1
392,DL4SCU9241,HONDA,ACTIVA 125,125.0,2018,100000003.0,KRISH AUTOMOBILES,2021-03-21,NAN,20000.0,WALK IN,2021-03-23,,TVS TRU4 PREMIUM 10W30 ENGINE OIL 1LTR,290.0,,0.0,290.0,2021,2021.0,51920.0,OTHERS,ACTIVA 125,,3
393,DL9SBL0321,HERO,SPLENDOR PLUSI3S-SELF-DRUM-CAST,97.0,2017,100000003.0,KRISH AUTOMOBILES,2021-10-10,NAN,38000.0,WALK IN,2021-10-28,I3s,,,,0.0,,2021,2021.0,53568.0,OTHERS,SPLENDOR PLUS,I3S SELF DRUM CAST,4
395,MH01DD0406,SUZUKI,ACCESS 125,124.0,2018,100000018.0,SHREE LAXMI  AUTOMOBILES,2021-10-06,NAN,53500.0,WALK IN,2021-11-05,,,,,0.0,,2021,2021.0,53500.0,NAN,ACCESS 125,,3
399,DL12SJ6326,HONDA,AVIATOR STD,110.0,2016,100000003.0,KRISH AUTOMOBILES,2022-02-22,NAN,16000.0,WALK IN,2022-04-21,,,,,0.0,,2022,2022.0,48000.0,NAN,AVIATOR,,6
403,DL7SBZ9172,HERO,PASSION PRO  DRUM - SELF CAS,110.0,2015,100000021.0,BAJWA AUTOMOBILES,2022-10-31,NAN,18500.0,TELEPHONE,2022-10-31,,,,,0.0,,2022,2022.0,21500.0,NAN,PASSION PRO,DRUM SELF CAST,7
406,MH04GV2027,HONDA,ACTIVA ELE AUTO ST KICK ST BS2,110.0,2014,100000018.0,SHREE LAXMI  AUTOMOBILES,2021-09-04,NAN,24000.0,WALK IN,2021-09-08,,BRKT LEVER LH,426.44,LABOUR CHARGE,100.0,470.0,2021,2021.0,31840.0,NAN,ACTIVA,ES CBS BSII,7
408,DL3SFD0362,TVS,JUPITER,110.0,2022,100000004.0,AHINSHA TRUMOTO,2022-08-18,BLACK,55000.0,WALK IN,2022-08-18,,,,,0.0,,2022,2022.0,91000.0,NAN,JUPITER,,0
410,RJ49SF4473,BAJAJ,CT 100,102.0,2020,100000013.0,SHANTI TRUMOTO,2022-10-17,NAN,35583.0,OUTDOOR ACTIVITY,2022-10-17,,KEY,80.0,,220.0,300.0,2022,2022.0,37809.0,SCUF(SRIRAM),CT 100,,2
414,TN41AS0394,ROYAL ENFIELD,CLASSIC 350 BS IV,350.0,2017,100000019.0,SRI VENKATESWAR AUTOS,2021-12-09,NAN,124000.0,E MAIL,2022-01-21,350cc,TVS TRU4 PREMIUM 10W30 ENGINE OIL 900ML,357.29,GENERAL SERVICING  - MCYCLE,650.0,960.0,2022,2022.0,131000.0,OTHERS,CLASSIC 350,BSIV,5
416,DL4SCE8477,TVS,JUPITER,110.0,2014,100000003.0,KRISH AUTOMOBILES,2021-10-10,TITANIUM GREY,14500.0,WALK IN,2021-12-10,110cc,,,,0.0,,2021,2021.0,35220.0,OTHERS,JUPITER,,7
418,AP39MP7502,HONDA,SHINE 125 STD,125.0,2021,100000023.0,WHEELSMART,2022-05-10,NAN,79000.0,WALK IN,2022-05-31,125CC DISC BS6,,,,0.0,,2022,2022.0,81000.0,NAN,SHINE,STD,1
421,DL4SDD4058,HERO,SPLENDOR PLUSI3S-SELF-DRUM-CAST,97.0,2020,100000017.0,RAJPOOT BEST DEALS PVT LTD,2022-03-29,NAN,53000.0,WALK IN,2022-03-29,,,,,0.0,,2022,2022.0,63000.0,OTHERS,SPLENDOR PLUS,I3S SELF DRUM CAST,2
422,TN30BV1971,BAJAJ,PULSAR 150 DTSI,150.0,2016,100000020.0,JAISUBHA MOTORS,2022-11-12,NAN,60000.0,TELEPHONE,2022-11-13,,ENGINE OIL,403.38,,0.0,350.0,2022,2022.0,64000.0,NAN,PULSAR 150,DTSI,6
423,UP32JR2572,HONDA,ACTIVA 125,125.0,2017,100000005.0,RAFTAAR TRUMOTO,2022-06-26,NAN,30000.0,WALK IN,2022-06-28,,ENGINE OIL,230.51,OUT WORK,105.93,305.93,2022,2022.0,33000.0,NAN,ACTIVA 125,,5
424,MH05EC3243,HERO,PASSION PRO110DRUM-SELF-CAST,110.0,2019,100000018.0,SHREE LAXMI  AUTOMOBILES,2022-09-03,NAN,51000.0,WALK IN,2022-10-15,,TVS TRU4 SKUUTA 10W30 ENGINE OIL 900ML,390.0,LABOUR,1000.0,1390.0,2022,2022.0,55000.0,NAN,PASSION PRO,DRUM SELF CAST,3
427,AP39BR5033,SUZUKI,ACCESS 125,124.0,2019,100000023.0,WHEELSMART,2022-05-09,NAN,65000.0,WALK IN,2022-05-09,,,,,0.0,,2022,2022.0,67000.0,OTHERS,ACCESS 125,,3
436,RJ07FS4186,HONDA,CB SHINE,125.0,2019,100000013.0,SHANTI TRUMOTO,2021-12-01,BLACK,38000.0,WALK IN,2021-12-01,110CC DISC SBT SPECIAL EDITION,SET,170.63,,0.0,140.0,2022,2022.0,41000.48,HDFC,SHINE,,3
438,AP39BD8824,HONDA,DIO,110.0,2019,100000026.0,WHEELSMART,2022-09-09,NAN,54500.0,OUTDOOR ACTIVITY,2022-09-09,,,,,0.0,,2022,2022.0,61500.0,NAN,DIO,,3
442,TN54T6737,TVS,JUPITER,110.0,2020,100000020.0,JAISUBHA MOTORS,2022-02-23,BLACK,58000.0,WALK IN,2022-02-23,110CC BS6,,,,0.0,,2022,2022.0,65000.0,NAN,JUPITER,,2
443,AP39FM5190,TVS,SCOOTY PEPPLUS,88.0,2020,100000023.0,WHEELSMART,2022-05-13,TURQUOISE MATT,40000.0,WALK IN,2022-05-14,,,,,0.0,,2022,2022.0,50000.0,TVSCS,SCOOTY PEPPLUS,,2
445,TN37DW9783,BAJAJ,PULSAR 150 DTSI ABS),150.0,2019,100000019.0,SRI VENKATESWAR AUTOS,2021-10-21,NAN,75000.0,WALK IN,2022-01-06,,TVS TRU4 PREMIUM 10W30 ENGINE OIL 900ML,357.29,GENERAL SERVICING  - MCYCLE,650.0,960.0,2022,2022.0,82000.0,INDUSIND,PULSAR 150,DTSI ABS,3
446,TN54K7871,HONDA,ACTIVA 125 CBS BSIII,125.0,2015,100000020.0,JAISUBHA MOTORS,2021-10-19,NAN,43000.0,WALK IN,2021-10-19,,,,,0.0,,2021,2021.0,46060.0,NAN,ACTIVA 125,CBS BSIII,6
451,TN30BF3056,SUZUKI,ACCESS 125 BS III,124.0,2016,100000020.0,JAISUBHA MOTORS,2022-04-16,NAN,38000.0,WALK IN,2022-04-16,,,,,0.0,,2022,2022.0,44000.0,NAN,ACCESS 125,BSIII,6
454,RJ50SB8554,TVS,SPORT DURALIFE,110.0,2020,100000013.0,SHANTI TRUMOTO,2022-03-28,POLY BLACK,26200.0,WALK IN,2022-03-28,100CC KICK ALLOY SBT,LEGUARD STAR SPORT CP,609.37,,0.0,500.0,2022,2022.0,29342.0,SCUF(SRIRAM),SPORT,DURALIFE,2
455,MH05DW6152,TVS,JUPITER ZX BSIV,110.0,2018,100000018.0,SHREE LAXMI  AUTOMOBILES,2022-04-07,MAG PURPLE,39000.0,WALK IN,,,,,,,,2022,2022.0,45002.0,NAN,JUPITER ZX,BSIV,4
456,DL3SDY8365,HONDA,ACTIVA 125,125.0,2018,100000004.0,AHINSHA TRUMOTO,2022-02-18,NAN,35000.0,WALK IN,2022-02-18,,,,,0.0,,2022,2022.0,55000.0,NAN,ACTIVA 125,,4
459,MH06CA7523,SUZUKI,ACCESS 125,124.0,2019,100000018.0,SHREE LAXMI  AUTOMOBILES,2022-03-24,NAN,55000.0,WALK IN,2022-07-09,,TVS TRU4 SKUUTA 10W30 ENGINE OIL 900ML,449.49,PAID BIKE,550.0,940.0,2022,2022.0,69000.0,NAN,ACCESS 125,,3
461,RJ07JS1548,HERO,HF DELUXEE-BLK SELF-DRUM-CAST,97.0,2020,100000013.0,SHANTI TRUMOTO,2022-06-24,NAN,44700.0,WALK IN,2022-06-24,IBS KICK ALLOY 100cc,AIR FILTER,243.75,,0.0,200.0,2022,2022.0,46642.0,SCUF(SRIRAM),HF DELUXE,DRUM SELF CAST,2
466,AP39AW9035,TVS,APACHE RTR 160 4V,160.0,2019,100000023.0,WHEELSMART,2022-08-24,RACING RED,64000.0,WALK IN,2022-09-19,,,,,0.0,,2022,2022.0,78000.0,OTHERS,APACHE RTR160,4V,3
467,DL3SDX6835,HONDA,ACTIVA 125,125.0,2018,100000017.0,RAJPOOT BEST DEALS PVT LTD,2022-03-08,NAN,32000.0,WALK IN,2022-03-08,,,,,0.0,,2022,2022.0,57000.0,NAN,ACTIVA 125,,4
468,AP31ED2050,SUZUKI,ACCESS 125,124.0,2017,100000026.0,WHEELSMART,2022-06-20,NAN,44700.0,OUTDOOR ACTIVITY,2022-06-22,,,,,0.0,,2022,2022.0,53300.0,NAN,ACCESS 125,,5
469,MH05EH6246,SUZUKI,ACCESS 125,124.0,2020,100000018.0,SHREE LAXMI  AUTOMOBILES,2022-01-05,NAN,42200.0,WALK IN,2022-02-17,,CHAIN SPROCKET KIT ASTRA/SUPER CHAMP,747.09,CLUTCH O/H - SCOOTER,145.0,758.0,2022,2022.0,49522.0,NAN,ACCESS 125,,2
470,MH05DX4824,HERO,PASSION PRO110DRUM-SELF-CAST,110.0,2018,100000018.0,SHREE LAXMI  AUTOMOBILES,2021-09-18,NAN,46500.0,WALK IN,2021-09-19,100CC DISC ALLOY,TVS TRU4 SKUUTA 10W30 ENGINE OIL 900ML,409.15,LABOUR CHARGE,10.0,365.0,2021,2021.0,52660.0,NAN,PASSION PRO,DRUM SELF CAST,3
472,AP26CD6719,ROYAL ENFIELD,CLASSIC 350,350.0,2018,100000027.0,WHEELSMART,2022-05-26,NAN,138870.0,WALK IN,2022-05-26,350cc,,,,0.0,,2022,2022.0,145000.0,NAN,CLASSIC 350,,4
473,MH05EH8960,TVS,SCOOTY PEPPLUS,88.0,2020,100000018.0,SHREE LAXMI  AUTOMOBILES,2021-10-24,SYRAH RED,44000.0,WALK IN,2022-03-28,,FILTER HOLDER COMP,270.85,Magneto Replacement,100.0,335.0,2022,2022.0,47904.0,NAN,SCOOTY PEPPLUS,,2
475,DL4SDH3019,TVS,JUPITER,110.0,2016,100000003.0,KRISH AUTOMOBILES,2022-04-06,TITANIUM GREY,20000.0,WALK IN,2022-04-06,110cc,,,,0.0,,2022,2022.0,54000.0,NAN,JUPITER,,6
476,DL11SS2861,TVS,JUPITER BSIV,110.0,2017,100000003.0,KRISH AUTOMOBILES,2021-10-08,DP MATTE BLUE,21000.0,WALK IN,2021-11-07,110cc,,,,0.0,,2021,2021.0,40712.0,SCUF(SRIRAM),JUPITER,BSIV,4
477,MH05EM7945,TVS,JUPITER,110.0,2020,100000018.0,SHREE LAXMI  AUTOMOBILES,2021-09-07,TITANIUM GREY,0.0,WALK IN,2021-09-11,110CC BS6,CABLE ASSY FRONT BRAKE - WEGO DRUM,399.62,LABOUR CHARGE,100.0,239.0,2021,2021.0,57680.0,NAN,JUPITER,,1
482,AP39FW9371,BAJAJ,PULSAR 220 DTSI F,220.0,2020,100000027.0,WHEELSMART,2022-09-17,NAN,102948.0,TELEPHONE,2022-09-28,,,,,0.0,,2022,2022.0,123000.0,NAN,PULSAR 220,DTSI F,2
485,MH06CB8224,YAMAHA,FASCINO,113.0,2018,100000018.0,SHREE LAXMI  AUTOMOBILES,2022-02-14,NAN,42000.0,WALK IN,2022-02-28,,TVS TRU4 SKUUTA 10W30 ENGINE OIL 900ML,409.15,ENGINE O/H(CRANKSHAFT/DRIVESHAFT/CAM SHIFTER) - MOPED,500.0,855.0,2022,2022.0,56000.0,NAN,FASCINO,,4
486,TN38CB6978,YAMAHA,FZS,149.0,2015,100000019.0,SRI VENKATESWAR AUTOS,2022-04-11,NAN,40000.0,WALK IN,2022-04-11,150CC,TVS TRU4 PREMIUM 10W30 ENGINE OIL 1LTR,380.34,GENERAL SERVICING  - MCYCLE,650.0,980.0,2022,2022.0,47000.0,NAN,FZS,,7
492,RJ07HS8625,HERO,SPLENDOR PLUS SELF-DRUM-CAST,97.0,2020,100000013.0,SHANTI TRUMOTO,2022-08-20,NAN,49580.0,WALK IN,2022-08-22,,FORK TUBE,800.0,BAL,700.0,1500.0,2022,2022.0,56322.0,SCUF(SRIRAM),SPLENDOR PLUS,DRUM SELF CAST,2
493,MH05ER7304,HONDA,ACTIVA 125 - DISC,125.0,2021,100000018.0,SHREE LAXMI  AUTOMOBILES,2022-06-22,NAN,61500.0,WALK IN,2022-06-22,,TVS TRU4 SKUUTA 10W30 ENGINE OIL 900ML,449.49,paid service,450.0,840.0,2022,2022.0,78500.0,NAN,ACTIVA 125,DISC,1
495,MH04KB1834,BAJAJ,PULSAR 150 DTSI,150.0,2019,100000025.0,A S MOTOR,2022-08-16,NAN,50000.0,WALK IN,2022-08-16,,TRU4 SYNTHETIC ENGINE OIL 1200 ML,799.0,PAID SERVICE  -  MC,200.0,999.0,2022,2022.0,70000.0,NAN,PULSAR 150,DTSI,3
496,RJ49SF0920,BAJAJ,CT 100,102.0,2020,100000013.0,SHANTI TRUMOTO,2022-10-17,NAN,27005.0,OUTDOOR ACTIVITY,2022-10-17,,SPL,240.0,,0.0,60.0,2022,2022.0,43811.0,SCUF(SRIRAM),CT 100,,2
498,MH05DW5634,SUZUKI,ACCESS 125,124.0,2018,100000018.0,SHREE LAXMI  AUTOMOBILES,2022-07-21,NAN,40000.0,WALK IN,2022-07-21,,TVS TRU4 SKUUTA 10W30 ENGINE OIL 900ML,390.0,ENGINE O/H(CRANKSHAFT/DRIVESHAFT/CAM SHIFTER) - SCOOTER,1000.0,1390.0,2022,2022.0,43982.0,NAN,ACCESS 125,,4
503,AP39DF0096,ROYAL ENFIELD,CLASSIC 350 ABS,350.0,2019,100000026.0,WHEELSMART,2022-11-21,NAN,159050.0,OUTDOOR ACTIVITY,2022-12-12,,,,,0.0,,2022,2022.0,168950.0,NAN,CLASSIC 350,ABS,3
506,RJ07HS0406,HERO,HF DELUXEE-BLK-I3S-SELFDRUMCAST,97.0,2020,100000013.0,SHANTI TRUMOTO,2022-03-19,NAN,43000.0,WALK IN,2022-03-19,IBS KICK ALLOY 100cc,SWITCH CHABI,164.53,COLOUR PENT,700.0,835.0,2022,2022.0,48010.0,SCUF(SRIRAM),HF DELUXE,BLK I3S SELFDRUMCAST,2
509,MH05EM5962,TVS,SCOOTY PEPPLUS,88.0,2020,100000018.0,SHREE LAXMI  AUTOMOBILES,2021-10-11,BLACK,49500.0,WALK IN,2021-11-25,,,,,0.0,,2021,2021.0,49500.0,NAN,SCOOTY PEPPLUS,,1
510,RJ07FS3400,TVS,APACHE RTR 160 BSIV,160.0,2019,100000013.0,SHANTI TRUMOTO,2021-01-04,BLACK,66700.0,WALK IN,2021-01-21,,BATTERY 12V 9AH DRIVE,2518.0,,0.0,2518.0,2021,2021.0,75436.0,TVSCS,APACHE RTR160,BSIV,2
512,AP31EU8745,BAJAJ,PULSAR 150 DTSI,150.0,2018,100000026.0,WHEELSMART,2022-09-13,NAN,72200.0,OUTDOOR ACTIVITY,2022-09-30,,,,,0.0,,2022,2022.0,77800.0,NAN,PULSAR 150,DTSI,4
518,TN66Y5798,HONDA,DIO CBS BSIV,110.0,2018,100000019.0,SRI VENKATESWAR AUTOS,2022-03-11,NAN,53000.0,WALK IN,2022-03-11,,TVS TRU4 PREMIUM 10W30 ENGINE OIL 900ML,357.29,GENERAL SERVICING  - MCYCLE,650.0,960.0,2022,2022.0,57000.0,IDFC,DIO,BSIV,4
519,RJ07DS6107,HERO,HF DELUXEE SELF-DRUM-CAST,97.0,2018,100000013.0,SHANTI TRUMOTO,2022-09-16,NAN,34500.0,OUTDOOR ACTIVITY,2022-09-16,,PANEL RUBEER  KIT HERO,4.0,LAB 180,152.54,156.54,2022,2022.0,44172.0,SCUF(SRIRAM),HF DELUXE,DRUM SELF CAST,4
522,TN29BM7108,HERO,SPLENDOR PLUSI3S-SELF-DRUM-CAST,97.0,2020,100000020.0,JAISUBHA MOTORS,2022-08-21,NAN,60000.0,WALK IN,2022-08-26,,ENGINE OIL,350.0,,0.0,350.0,2022,2022.0,62000.0,NAN,SPLENDOR PLUS,I3S SELF DRUM CAST,2
525,RJ13HS1764,HERO,HF DELUXEE SELF-DRUM-CAST,97.0,2020,100000013.0,SHANTI TRUMOTO,2022-10-27,NAN,45840.0,OUTDOOR ACTIVITY,2022-10-27,,ENGINE OIL 1,160.0,GENERAL SERVICING  - MC 100-350CC,398.31,558.31,2022,2022.0,47998.0,SCUF(SRIRAM),HF DELUXE,DRUM SELF CAST,2
526,DL4SCZ2713,TVS,JUPITER BSIV,110.0,2019,100000003.0,KRISH AUTOMOBILES,2021-08-02,BLACK,39000.0,WALK IN,2021-08-11,110CC,,,,0.0,,2021,2021.0,55240.0,OTHERS,JUPITER,BSIV,2
527,DL11L1015,TVS,APACHE RTR 160,160.0,2021,100000028.0,ANVAY AUTOMOBILES,2022-08-31,BLACK,97000.0,WALK IN,2022-09-06,,ENGINE OIL,355.0,,0.0,355.0,2022,2022.0,101000.0,NAN,APACHE RTR160,,1
528,DL4SCL9187,YAMAHA,FASCINO,113.0,2016,100000003.0,KRISH AUTOMOBILES,2021-11-12,NAN,19500.0,WALK IN,2022-01-17,,,,,0.0,,2022,2022.0,39660.0,NAN,FASCINO,,6
529,DL14SQ4307,TVS,SCOOTY PEPPLUS,88.0,2022,100000021.0,BAJWA AUTOMOBILES,2022-10-31,XX,47500.0,TELEPHONE,2022-10-31,,,,,0.0,,2022,2022.0,50500.0,NAN,SCOOTY PEPPLUS,,0
531,DL9SBF5109,HERO,HF-DELUXEE SELF -CAST WHEELS,97.0,2016,100000003.0,KRISH AUTOMOBILES,2021-08-29,NAN,17100.0,WALK IN,2021-09-14,100cc,,,,0.0,,2021,2021.0,30428.0,OTHERS,HF DELUXE,SELF  CAST WHEELS,5
537,TN28CZ1982,HONDA,ACTIVA 125 DISC,125.0,2022,100000020.0,JAISUBHA MOTORS,2022-07-30,SYRAH RED,63000.0,WALK IN,2022-10-14,,ENGINE OIL,350.0,,0.0,350.0,2022,2022.0,67000.0,NAN,ACTIVA 125,DISC,0
539,DL9SBH5428,HERO,SPLENDOR PLUS SELF-DRUM-CAST,97.0,2017,100000021.0,BAJWA AUTOMOBILES,2022-05-03,NAN,33000.0,TELEPHONE,2022-05-03,,ENGINE OIL,380.34,WATER  WASH - SCOOTY,50.0,380.0,2022,2022.0,45002.0,NAN,SPLENDOR PLUS,DRUM SELF CAST,5
542,DL3SDM5952,TVS,JUPITER,110.0,2017,100000021.0,BAJWA AUTOMOBILES,2022-03-25,MAG PURPLE,26000.0,TELEPHONE,2022-03-25,110cc,,,,0.0,,2022,2022.0,44002.0,NAN,JUPITER,,5
544,TN54K6214,TVS,XL SUPER HEAVY DUTY,70.0,2015,100000020.0,JAISUBHA MOTORS,2021-12-06,NAN,26000.0,WALK IN,2021-12-06,70cc,,,,0.0,,2021,2021.0,26620.0,NAN,XL SUPER,HD,6
547,RJ13GS4726,HERO,HF DELUXEE SELF-DRUM-CAST,97.0,2020,100000013.0,SHANTI TRUMOTO,2022-03-28,NAN,44000.0,WALK IN,2022-03-28,IBS KICK ALLOY 100cc,VISOR COMP,402.19,,0.0,330.0,2022,2022.0,46894.0,SCUF(SRIRAM),HF DELUXE,DRUM SELF CAST,2
551,AP31DU9593,BAJAJ,PULSAR 220 DTSI F,220.0,2017,100000023.0,WHEELSMART,2022-05-08,NAN,74000.0,WALK IN,2022-05-08,,,,,0.0,,2022,2022.0,83800.0,OTHERS,PULSAR 220,DTSI F,5
552,DL9SBH6620,TVS,WEGO,110.0,2017,100000004.0,AHINSHA TRUMOTO,2022-07-31,VOLCANO RED,10000.0,WALK IN,2022-07-31,110cc,,,,0.0,,2022,2022.0,14000.0,NAN,WEGO,,5
559,DL12SM3929,HERO,SPLENDOR PLUSI3S-SELF-DRUM-CAST,97.0,2018,100000004.0,AHINSHA TRUMOTO,2022-04-06,NAN,30000.0,WALK IN,2022-04-06,SELF ALLOY 100CC,,,,0.0,,2022,2022.0,60000.0,NAN,SPLENDOR PLUS,I3S SELF DRUM CAST,4
561,DL3SCC6404,BAJAJ,PULSAR 150 AS,150.0,2015,100000017.0,RAJPOOT BEST DEALS PVT LTD,2022-02-26,NAN,30150.0,WALK IN,2022-02-26,,,,,0.0,,2022,2022.0,69850.0,NAN,PULSAR 150,AS,7
562,DL12SH7839,HONDA,ACTIVA 125 WITH ELECTRIC AUT,125.0,2016,100000004.0,AHINSHA TRUMOTO,2022-02-07,NAN,22000.0,WALK IN,2022-02-07,,,,,0.0,,2022,2022.0,48000.0,NAN,ACTIVA 125,ES,6
564,MH02EY2100,SUZUKI,ACCESS 125,124.0,2018,100000018.0,SHREE LAXMI  AUTOMOBILES,2021-10-06,NAN,44000.0,WALK IN,2021-11-05,,,,,0.0,,2022,2022.0,45004.0,NAN,ACCESS 125,,4
566,MH43BW6073,TVS,JUPITER,110.0,2021,100000025.0,A S MOTOR,2022-07-25,TITANIUM GREY,57000.0,WALK IN,2022-07-26,110CC BS6,TVS TRU4 SKUUTA 10W30 ENGINE OIL 900ML,390.0,PAID SERVICE  - SCOOTY ,175.0,565.0,2022,2022.0,63000.0,NAN,JUPITER,,1
569,AP39HX4839,ROYAL ENFIELD,CLASSIC 350 EFI,350.0,2021,100000023.0,WHEELSMART,2022-06-21,NAN,182500.0,WALK IN,2022-07-04,350CC ABS AIRBORNE BS6,OIL FILTER,74.0,GENERAL SERVICING  - MCYCLE,500.0,574.0,2022,2022.0,187500.0,NAN,CLASSIC 350,EFI,1
573,DL8SBX1618,TVS,JUPITER,110.0,2015,100000021.0,BAJWA AUTOMOBILES,2022-04-22,C WHITE,20000.0,TELEPHONE,2022-04-22,110cc,,,,0.0,,2022,2022.0,40000.0,NAN,JUPITER,,7
577,AP39MH7090,ROYAL ENFIELD,CLASSIC 350,350.0,2022,100000026.0,WHEELSMART,2022-10-19,NAN,188200.0,OUTDOOR ACTIVITY,2022-11-22,,,,,0.0,,2022,2022.0,200600.0,NAN,CLASSIC 350,,0
580,AP39D4066,HONDA,DIO,110.0,2018,100000023.0,WHEELSMART,2022-06-08,NAN,50000.0,WALK IN,2022-06-08,,,,,0.0,,2022,2022.0,68000.0,NAN,DIO,,4
582,RJ07BS6767,HERO,HF DELUXEE SELF-DRUM-CAST,97.0,2018,100000013.0,SHANTI TRUMOTO,2022-04-25,NAN,36000.0,WALK IN,2022-04-30,KICK ALLOY 100CC,SILENCER ASSLY,2632.5,,0.0,2160.0,2022,2022.0,42322.0,NAN,HF DELUXE,DRUM SELF CAST,4
583,MH05EE7492,TVS,SCOOTY PEPPLUS BSIV,88.0,2019,100000018.0,SHREE LAXMI  AUTOMOBILES,2021-10-25,TURQUOISE MATT,43500.0,WALK IN,2021-10-25,,BRAKE SHOE SET 130 DIA 28MM WIDTH NEW,421.68,CLUTCH O/H - SCOOTER,145.0,318.0,2022,2022.0,49396.0,NAN,SCOOTY PEPPLUS,BSIV,3
585,RJ31SR6189,HERO,HF DELUXEE KICK-DRUM-CAST,97.0,2020,100000013.0,SHANTI TRUMOTO,2022-03-28,NAN,39616.0,WALK IN,2022-03-28,IBS KICK ALLOY 100cc,FUEL PUMP ASSY,2925.0,,0.0,2400.0,2022,2022.0,48618.0,SCUF(SRIRAM),HF DELUXE,KICK DRUM CAST,2
587,MH05CS4424,HONDA,ACTIVA,110.0,2015,100000018.0,SHREE LAXMI  AUTOMOBILES,2022-07-04,NAN,26000.0,WALK IN,2022-07-07,,TVS TRU4 SKUUTA 10W30 ENGINE OIL 900ML,449.49,Jupitor Pricol pump Repair B Town,120.0,510.0,2022,2022.0,42000.0,NAN,ACTIVA,,7
595,DL8SCH6356,TVS,JUPITER BSIV,110.0,2018,100000003.0,KRISH AUTOMOBILES,2021-10-28,GOLD BEIGE,25000.0,WALK IN,2021-11-23,110cc,,,,0.0,,2021,2021.0,46504.0,NAN,JUPITER,BSIV,3
597,TN30BF4558,TVS,JUPITER,110.0,2016,100000020.0,JAISUBHA MOTORS,2021-12-29,DP MATTE BLUE,46500.0,WALK IN,2021-12-29,110cc,,,,0.0,,2021,2021.0,48240.0,NAN,JUPITER,,5
598,TN31BC8093,ROYAL ENFIELD,CLASSIC 350 UCE,350.0,2016,100000020.0,JAISUBHA MOTORS,2022-08-05,NAN,110000.0,WALK IN,2022-08-05,350cc,ENGINE OIL,350.0,,0.0,350.0,2022,2022.0,114000.0,NAN,CLASSIC 350,UCE,6
600,DL3SEA0226,HERO,SPLENDOR PLUS SELF-DRUM-CAST,97.0,2018,100000017.0,RAJPOOT BEST DEALS PVT LTD,2022-06-23,NAN,39000.0,WALK IN,2022-06-23,,,,,0.0,,2022,2022.0,63000.0,OTHERS,SPLENDOR PLUS,DRUM SELF CAST,4
601,MH05CT8239,TVS,SCOOTY PEP PLUS,88.0,2015,100000018.0,SHREE LAXMI  AUTOMOBILES,2022-03-28,BLACK,26000.0,WALK IN,2022-03-28,,TVS TRU4 SKUUTA 10W30 ENGINE OIL 900ML,409.15,CYLINDER HEAD MACHINING,100.0,455.0,2022,2022.0,28654.0,NAN,SCOOTY PEP PLUS,,7
602,DL3SDD6618,TVS,WEGO,110.0,2016,100000004.0,AHINSHA TRUMOTO,2022-01-24,MERCURY GREY,17000.0,TELEPHONE,2022-04-10,110cc,,,,0.0,,2022,2022.0,55000.0,NAN,WEGO,,6
607,MH05EC7225,TVS,APACHE RTR 160 4V,160.0,2019,100000018.0,SHREE LAXMI  AUTOMOBILES,2021-10-14,RACING RED,63500.0,WALK IN,2021-10-28,,FILTER HOLDER COMP,541.7,STEERRING O/H,750.0,985.0,2021,2021.0,66300.0,NAN,APACHE RTR160,4V,2
610,AP26CH1544,HERO,SPLENDOR PLUSI3S-SELF-DRUM-CAST,97.0,2018,100000027.0,WHEELSMART,2022-10-08,NAN,42000.0,TELEPHONE,2022-10-13,,,,,0.0,,2022,2022.0,57000.0,OTHERS,SPLENDOR PLUS,I3S SELF DRUM CAST,4
617,DL8SBZ2312,TVS,JUPITER,110.0,2016,100000017.0,RAJPOOT BEST DEALS PVT LTD,2022-10-22,SP SILVER,16000.0,E MAIL,2022-10-22,,,,,0.0,,2022,2022.0,54000.0,NAN,JUPITER,,6
621,TN78Q1002,ROYAL ENFIELD,CLASSIC 350 ABS,350.0,2019,100000020.0,JAISUBHA MOTORS,2022-02-21,NAN,148000.0,WALK IN,2022-02-21,350 S ABS,,,,0.0,,2022,2022.0,156000.0,NAN,CLASSIC 350,ABS,3
628,DL8SCA9101,SUZUKI,ACCESS 125,124.0,2017,100000017.0,RAJPOOT BEST DEALS PVT LTD,2021-12-01,NAN,27000.0,WALK IN,2021-12-22,,,,,0.0,,2022,2022.0,55000.0,NAN,ACCESS 125,,5
631,TN66Q3138,HERO,PASSION PRO 8 SELF CAST BSIII,110.0,2015,100000019.0,SRI VENKATESWAR AUTOS,2022-01-28,NAN,20250.0,WALK IN,2022-01-28,100CC,TVS TRU4 PREMIUM 10W30 ENGINE OIL 1LTR,380.34,GENERAL SERVICING  - MCYCLE,650.0,980.0,2022,2022.0,27750.0,HDFC,PASSION PRO,SELF CAST BSIII,7
632,RJ07CS5340,TVS,SPORT DURALIFE BSIV,110.0,2018,100000013.0,SHANTI TRUMOTO,2021-01-04,POLY BLACK,22200.0,WALK IN,2021-01-21,,BULB RC LAMP 12V-10/5W,56.0,DISC BRAKE-BRAKE PADS OVERHAULING - SCOOTER,90.0,146.0,2021,2021.0,26456.0,TVSCS,SPORT,DURALIFE BSIV,3
634,MH04KE8126,HONDA,CB SHINE,125.0,2019,100000018.0,SHREE LAXMI  AUTOMOBILES,2021-12-19,NAN,55000.0,WALK IN,2021-12-19,125CC CBS Disc,TVS TRU4 SKUUTA 10W30 ENGINE OIL 900ML,409.15,Magneto Replacement,100.0,455.0,2021,2021.0,55000.0,NAN,SHINE,,2
638,TN99U0365,TVS,JUPITER ZX,110.0,2021,100000019.0,SRI VENKATESWAR AUTOS,2021-10-28,BLACK,65000.0,WALK IN,,,,,,,,2021,2021.0,71220.0,NAN,JUPITER ZX,,0
640,AP39HM7953,TVS,APACHE RTR 160 4V,160.0,2021,100000023.0,WHEELSMART,2022-10-17,BLACK,82600.0,WALK IN,2022-10-21,,KIT CHAIN & SPROCKET 160 4V (13x138x44),2146.0,GENERAL SERVICING  - MCYCLE,900.0,3046.0,2022,2022.0,109400.0,NAN,APACHE RTR160,4V,1
642,MH04KJ7101,SUZUKI,ACCESS 125,124.0,2019,100000018.0,SHREE LAXMI  AUTOMOBILES,2021-09-08,NAN,0.0,WALK IN,2021-09-09,,BRAKE SHOE SET 130 DIA 28MM WIDTH NEW,162.09,PAID SERVICE  - SCOOTER,175.0,308.0,2021,2021.0,56000.0,NAN,ACCESS 125,,2
643,TN41AT8195,BAJAJ,PULSAR 150 DTSI,150.0,2018,100000019.0,SRI VENKATESWAR AUTOS,2022-06-15,SUNLIT IVORY,77000.0,WALK IN,2022-06-15,110CC BS6,TVS TRU4 PREMIUM 10W30 ENGINE OIL 900ML,417.22,GENERAL SERVICING  - MCYCLE,650.0,1012.0,2022,2022.0,81000.0,OTHERS,PULSAR 150,DTSI,4
644,TN30BD9978,TVS,JUPITER,110.0,2016,100000020.0,JAISUBHA MOTORS,2022-07-30,NAN,47000.0,WALK IN,2022-08-16,125CC,ENGINE OIL,350.0,,0.0,350.0,2022,2022.0,53000.0,NAN,JUPITER,,6
645,MH05ED5492,HONDA,DIO,110.0,2019,100000025.0,A S MOTOR,2022-06-23,NAN,44000.0,TELEPHONE,2022-06-26,,TVS TRU4 SKUUTA 10W30 ENGINE OIL 900ML,449.49,,0.0,390.0,2022,2022.0,61280.0,NAN,DIO,,3
651,MH04HR9654,HONDA,ACTIVA  STD 125,110.0,2016,100000018.0,SHREE LAXMI  AUTOMOBILES,2021-09-14,NAN,0.0,WALK IN,2021-09-19,,MIRROR ASSY R BACK(SDR R-321),469.82,LABOUR CHARGE,50.0,230.0,2021,2021.0,38080.0,NAN,ACTIVA,STD 125,5
652,DL4SBS8567,TVS,JUPITER,110.0,2016,100000003.0,KRISH AUTOMOBILES,2021-11-12,TITANIUM GREY,19000.0,WALK IN,2022-03-17,110cc,,,,0.0,,2022,2022.0,51800.0,NAN,JUPITER,,6
654,MH05EC3574,HONDA,CB SHINE,125.0,2019,100000018.0,SHREE LAXMI  AUTOMOBILES,2021-09-22,NAN,60500.0,WALK IN,2021-11-26,125CC CBS Disc,TVS TRU4 SKUUTA 10W30 ENGINE OIL 900ML,409.15,CLUTCH O/H,354.0,709.0,2021,2021.0,58500.0,NAN,SHINE,,2
657,DL4SCZ8950,SUZUKI,ACCESS 125,124.0,2019,100000017.0,RAJPOOT BEST DEALS PVT LTD,2022-03-24,NAN,45000.0,WALK IN,2022-03-29,,,,,0.0,,2022,2022.0,67000.0,NAN,ACCESS 125,,3
669,MH05DC6576,TVS,SCOOTY PEP PLUS FASHION,88.0,2016,100000018.0,SHREE LAXMI  AUTOMOBILES,2022-02-19,WHITE+PURPLE,23000.0,WALK IN,2022-02-19,,GEAR OIL,73.13,Wheel Truing,100.0,160.0,2022,2022.0,25474.0,NAN,SCOOTY PEP PLUS,FASHION,6
672,AP39KA7130,SUZUKI,ACCESS 125 DISC(ALLOY WHEEL),124.0,2021,100000026.0,WHEELSMART,2022-07-16,NAN,82500.0,OUTDOOR ACTIVITY,2022-07-17,,,,,0.0,,2022,2022.0,87500.0,NAN,ACCESS 125,DISC ALLOY WHEEL,1
680,MH46AN7727,HONDA,CB UNICORN,150.0,2015,100000025.0,A S MOTOR,2022-06-23,NAN,33000.0,TELEPHONE,2022-06-29,160CC,TVS TRU4 SKUUTA 10W30 ENGINE OIL 900ML,449.49,POST WARRANTY SERVICE  - SCOOTER,250.0,640.0,2022,2022.0,57300.0,NAN,CB UNICORN 160,,7
681,MH05CU4966,HONDA,DIO,110.0,2016,100000018.0,SHREE LAXMI  AUTOMOBILES,2022-05-02,NAN,26000.0,WALK IN,2022-05-03,,GEAR OIL,73.13,CYLINDER HEAD MACHINING,100.0,160.0,2022,2022.0,29104.0,NAN,DIO,,6
682,TN38CQ4205,HONDA,DIO,110.0,2018,100000019.0,SRI VENKATESWAR AUTOS,2021-10-30,NAN,59750.0,E MAIL,2021-10-30,,TVS TRU4 PREMIUM 10W30 ENGINE OIL 1LTR,380.34,WATER  WASH - MC,50.0,380.0,2021,2021.0,59750.0,IDFC,DIO,,3
683,TN93C3945,BAJAJ,PULSAR 220 DTSI F ABS),220.0,2019,100000020.0,JAISUBHA MOTORS,2022-12-28,NAN,45000.0,TELEPHONE,2022-12-29,,ENGINE OIL,403.38,,0.0,350.0,2022,2022.0,51000.0,NAN,PULSAR 220,DTSI F ABS,3
684,AP39FJ7897,BAJAJ,PULSAR 150 DTSI,150.0,2020,100000027.0,WHEELSMART,2022-06-30,NAN,75110.0,WALK IN,2022-07-19,,CASTROL 5ML,6.0,,0.0,6.0,2022,2022.0,92000.0,OTHERS,PULSAR 150,DTSI,2
686,TN30BL4233,TVS,APACHE RTR 160 4V,160.0,2018,100000020.0,JAISUBHA MOTORS,2022-08-21,BLACK,65000.0,WALK IN,2022-08-29,,ENGINE OIL,350.0,,0.0,350.0,2022,2022.0,69000.0,NAN,APACHE RTR160,4V,4
687,DL5SAY9989,TVS,JUPITER,110.0,2017,100000021.0,BAJWA AUTOMOBILES,2022-02-03,MAG PURPLE,25000.0,WALK IN,2022-02-03,110cc,TVS TRU4 PREMIUM 10W30 ENGINE OIL 900ML,357.29,FR (OR) RR WHEEL BEARING RPLCMENT - SCOOTER,75.0,385.0,2022,2022.0,59000.0,NAN,JUPITER,,5
688,DL4SCY6813,TVS,JUPITER BSIV,110.0,2019,100000003.0,KRISH AUTOMOBILES,2021-11-08,WALNUT BROWN,37500.0,WALK IN,2022-01-17,110CC,,,,0.0,,2022,2022.0,54300.0,OTHERS,JUPITER,BSIV,3
690,DL4SCQ5557,TVS,JUPITER BSIV,110.0,2017,100000003.0,KRISH AUTOMOBILES,2022-02-01,BOTTLE GREEN,24000.0,WALK IN,2022-02-02,110cc,,,,0.0,,2022,2022.0,40800.0,NAN,JUPITER,BSIV,5
695,TN37CS8930,HERO,PASSION PRO I3S S DRUMCAST BS4,110.0,2017,100000019.0,SRI VENKATESWAR AUTOS,2022-08-26,NAN,48000.0,WALK IN,2022-08-30,,TVS TRU4 PREMIUM 10W30 ENGINE OIL 900ML,362.0,,0.0,362.0,2022,2022.0,55000.0,NAN,PASSION PRO,I3S DRUM SELF CAST BS4,5
698,DL12SF1285,TVS,JUPITER,110.0,2015,100000003.0,KRISH AUTOMOBILES,2021-12-29,TITANIUM GREY,19000.0,WALK IN,2022-01-31,110cc,,,,0.0,,2022,2022.0,31768.0,OTHERS,JUPITER,,7
700,DL14SN0958,TVS,APACHE RTR 160 4V,160.0,2020,100000021.0,BAJWA AUTOMOBILES,2022-10-30,MET BLUE,87500.0,TELEPHONE,2022-10-30,,,,,0.0,,2022,2022.0,90500.0,NAN,APACHE RTR160,4V,2
701,DL5SCC3171,TVS,JUPITER BSIV,110.0,2019,100000021.0,BAJWA AUTOMOBILES,2022-05-30,BLACK,43000.0,WALK IN,2022-05-30,110CC,ENGINE OIL,420.68,WATER  WASH - SCOOTY,50.0,415.0,2022,2022.0,47002.0,NAN,JUPITER,BSIV,3
706,MH05CS3287,HONDA,CB UNICORN 160,150.0,2015,100000018.0,SHREE LAXMI  AUTOMOBILES,2022-03-20,NAN,20000.0,WALK IN,2022-03-28,160CC,FILTER HOLDER COMP,270.85,,0.0,235.0,2022,2022.0,22384.0,NAN,CB UNICORN 160,,7
709,DL14SM4212,SUZUKI,ACCESS 125 DISC(ALLOY WHEEL),124.0,2020,100000021.0,BAJWA AUTOMOBILES,2022-04-11,NAN,55000.0,TELEPHONE,2022-04-11,110CC DISC,TVS TRU4 PREMIUM 10W30 ENGINE OIL 1LTR,380.34,,0.0,330.0,2022,2022.0,68002.0,NAN,ACCESS 125,DISC ALLOY WHEEL,2
710,AP39AS2660,BAJAJ,PULSAR 150 DTSI,150.0,2019,100000026.0,WHEELSMART,2022-05-30,NAN,61500.0,OUTDOOR ACTIVITY,2022-06-06,,,,,0.0,,2022,2022.0,66500.0,NAN,PULSAR 150,DTSI,3
712,DL9SBK3167,TVS,JUPITER ZX BSIV,110.0,2017,100000003.0,KRISH AUTOMOBILES,2021-11-08,MAG PURPLE,25000.0,WALK IN,2021-11-28,110cc,,,,0.0,,2021,2021.0,40456.0,OTHERS,JUPITER ZX,BSIV,4
714,TN29BW6919,HONDA,DIO CBS BSIV,110.0,2017,100000020.0,JAISUBHA MOTORS,2022-05-03,NAN,44000.0,WALK IN,2022-05-03,,,,,0.0,,2022,2022.0,50000.0,NAN,DIO,BSIV,5
715,DL10SS2400,HONDA,ACTIVA 125 DISC,125.0,2015,100000028.0,ANVAY AUTOMOBILES,2022-08-21,NAN,22000.0,WALK IN,2022-05-31,,ENGINE OIL,420.68,WATER  WASH - SCOOTY,50.0,415.0,2022,2022.0,46002.0,NAN,ACTIVA 125,DISC,7
716,MH43BQ7379,HONDA,CB SHINE,125.0,2017,100000018.0,SHREE LAXMI  AUTOMOBILES,2022-06-27,NAN,35000.0,WALK IN,2022-06-27,125CC CBS,TVS TRU4 SKUUTA 10W30 ENGINE OIL 900ML,449.49,,0.0,390.0,2022,2022.0,37000.0,NAN,SHINE,,5
718,AP26BF7039,ROYAL ENFIELD,CLASSIC  350 UCE  BSIII,350.0,2016,100000027.0,WHEELSMART,2022-07-29,NAN,100197.0,WALK IN,2022-07-30,350cc,LIQUID GUN SYNTHETIC-1,1050.0,,0.0,1050.0,2022,2022.0,118000.0,OTHERS,CLASSIC 350,BSIII,6
721,TN37DK5316,HONDA,UNICORN,150.0,2021,100000019.0,SRI VENKATESWAR AUTOS,2022-03-03,NAN,98000.0,WALK IN,2022-03-03,,TVS TRU4 PREMIUM 10W30 ENGINE OIL 1LTR,380.34,,0.0,330.0,2022,2022.0,104000.0,OTHERS,CB UNICORN 160,,1
727,AP39GG2669,BAJAJ,PULSAR 150 DTSI,150.0,2020,100000023.0,WHEELSMART,2022-05-21,NAN,81500.0,WALK IN,2022-06-15,,ENG OIL,345.76,,0.0,300.0,2022,2022.0,104500.0,NAN,PULSAR 150,DTSI,2
730,TN30BH6847,HONDA,DIO CBS BSIV,110.0,2017,100000020.0,JAISUBHA MOTORS,2022-06-30,NAN,40000.0,WALK IN,2022-07-30,,ENGINE OIL,350.0,,0.0,350.0,2022,2022.0,44000.0,NAN,DIO,BSIV,5
731,TN99M8547,TVS,JUPITER BSIV,110.0,2018,100000019.0,SRI VENKATESWAR AUTOS,2021-12-20,C WHITE,45000.0,WALK IN,2021-12-21,110cc,TVS TRU4 PREMIUM 10W30 ENGINE OIL 900ML,714.58,GENERAL SERVICING  - MCYCLE,650.0,960.0,2022,2022.0,52000.0,NAN,JUPITER,BSIV,4
733,MH04HT2943,HONDA,DIO,110.0,2016,100000018.0,SHREE LAXMI  AUTOMOBILES,2022-03-30,NAN,25000.0,WALK IN,2022-03-30,,,,,0.0,,2022,2022.0,26104.0,NAN,DIO,,6
736,DL11SQ5250,TVS,JUPITER,110.0,2017,100000003.0,KRISH AUTOMOBILES,2022-03-11,TITANIUM GREY,19000.0,WALK IN,2022-03-11,110cc,,,,0.0,,2022,2022.0,53900.0,OTHERS,JUPITER,,5
741,DL4SDH1631,TVS,JUPITER,110.0,2015,100000003.0,KRISH AUTOMOBILES,2021-03-16,BLACK,8500.0,WALK IN,2021-03-23,,TVS TRU4 PREMIUM 10W30 ENGINE OIL 1LTR,290.0,WATER  WASH - SCOOTER,50.0,340.0,2022,2022.0,25500.0,NAN,JUPITER,,7
743,RJ44SE5237,HERO,HF DELUXEE SELF-DRUM-CAST,97.0,2019,100000013.0,SHANTI TRUMOTO,2021-02-04,NAN,39837.0,WALK IN,2021-03-13,,TAYAR,1401.56,GENERAL SERVICING  - MC 100-350CC,425.0,1575.0,2022,2022.0,49859.0,HEROFIN,HF DELUXE,DRUM SELF CAST,3
746,MH05DR9388,TVS,JUPITER BSIV,110.0,2018,100000018.0,SHREE LAXMI  AUTOMOBILES,2021-10-23,NAN,47000.0,WALK IN,2021-10-31,110cc,BRAKE SHOE SET 130 DIA 28MM WIDTH NEW,210.84,CLUTCH O/H - SCOOTER,145.0,318.0,2021,2021.0,48120.0,NAN,JUPITER,BSIV,3
748,UP32HU6479,HERO,PASSION PRO I3S-SELF-DRUM-CAST,110.0,2017,100000005.0,RAFTAAR TRUMOTO,2021-01-11,NAN,36000.0,WALK IN,2021-01-20,,REF.,350.0,LABOUR CHARGE,10.0,360.0,2021,2021.0,44400.0,HEROFIN,PASSION PRO,I3S SELF DRUM CAST,4
750,TN30BK0873,HONDA,DIO CBS BSIV,110.0,2018,100000020.0,JAISUBHA MOTORS,2022-10-27,NAN,62000.0,TELEPHONE,2022-10-31,,ENGINE OIL,350.0,,0.0,350.0,2022,2022.0,64000.0,NAN,DIO,BSIV,4
751,UP32HA3830,TVS,SCOOTY PEPPLUS,88.0,2015,100000005.0,RAFTAAR TRUMOTO,2022-06-10,PURPLE,27000.0,WALK IN,2022-06-29,,ENGINE OIL,218.98,Carburattor overhaul  - MC 100-135CC,125.0,315.0,2022,2022.0,39000.0,NAN,SCOOTY PEPPLUS,,7
758,MH05DM5770,YAMAHA,FZS (TC-RG442),149.0,2017,100000018.0,SHREE LAXMI  AUTOMOBILES,2022-09-17,NAN,35000.0,WALK IN,2022-10-09,,TVS TRU4 SKUUTA 10W30 ENGINE OIL 900ML,390.0,STEERRING O/H,750.0,1140.0,2022,2022.0,39000.0,NAN,FZS,,5
761,DL3SDC8371,TVS,APACHE RTR 160,160.0,2016,100000004.0,AHINSHA TRUMOTO,2022-03-31,PEARL WHITE,32000.0,WALK IN,2022-03-31,,,,,0.0,,2022,2022.0,60000.0,NAN,APACHE RTR160,,6
762,TN90F5553,SUZUKI,ACCESS 125 DISC(ALLOY WHEEL),124.0,2021,100000020.0,JAISUBHA MOTORS,2022-05-14,NAN,81000.0,WALK IN,2022-05-14,,,,,0.0,,2022,2022.0,87000.0,NAN,ACCESS 125,DISC ALLOY WHEEL,1
766,RJ07JS4403,HERO,HF DELUXEE KICK-DRUM-CAST,97.0,2020,100000013.0,SHANTI TRUMOTO,2022-10-30,NAN,36576.0,OUTDOOR ACTIVITY,2022-10-30,,FUEL PUMP MODULE,2833.0,,220.0,3053.0,2022,2022.0,45928.0,SCUF(SRIRAM),HF DELUXE,KICK DRUM CAST,2
771,DL3SES6757,YAMAHA,-FZS,149.0,2020,100000003.0,KRISH AUTOMOBILES,2021-10-08,NAN,78000.0,WALK IN,2021-10-28,,,,,0.0,,2021,2021.0,101520.0,NAN,FZS,,1
772,DL3SCZ9195,TVS,JUPITER,110.0,2016,100000004.0,AHINSHA TRUMOTO,2022-03-09,MAG PURPLE,19000.0,WALK IN,,,,,,,,2022,2022.0,51000.0,NAN,JUPITER,,6
774,AP26BN8227,BAJAJ,PULSAR 220 DTSI F,220.0,2017,100000027.0,WHEELSMART,2022-05-24,NAN,74000.0,WALK IN,2022-05-24,,,,,0.0,,2022,2022.0,96000.0,NAN,PULSAR 220,DTSI F,5
776,TN99L9824,BAJAJ,PULSAR 150 DTSI,150.0,2018,100000019.0,SRI VENKATESWAR AUTOS,2022-04-20,NAN,68000.0,WALK IN,2022-04-20,,TVS TRU4 PREMIUM 10W30 ENGINE OIL 1LTR,422.98,GENERAL SERVICING  - MCYCLE,650.0,1017.0,2022,2022.0,74000.0,NAN,PULSAR 150,DTSI,4
777,TN99P1044,TVS,JUPITER ZX BSIV,110.0,2018,100000019.0,SRI VENKATESWAR AUTOS,2022-01-19,BLACK,39000.0,WALK IN,2022-01-19,110CC,TVS TRU4 PREMIUM 10W30 ENGINE OIL 1LTR,380.34,GENERAL SERVICING  - MCYCLE,650.0,980.0,2022,2022.0,40680.0,OTHERS,JUPITER ZX,BSIV,4
778,TN24AY3448,TVS,APACHE RTR 160,160.0,2022,100000020.0,JAISUBHA MOTORS,2022-07-30,PEARL WHITE,112000.0,WALK IN,2022-08-22,,ENGINE OIL,350.0,,0.0,350.0,2022,2022.0,128000.0,NAN,APACHE RTR160,,0
779,AP39LZ4111,ROYAL ENFIELD,CLASSIC 350 EFI,350.0,2020,100000026.0,WHEELSMART,2022-10-17,NAN,162000.0,OUTDOOR ACTIVITY,2022-12-09,,,,,0.0,,2022,2022.0,169100.0,NAN,CLASSIC 350,EFI,2
780,TN30BE5593,HONDA,CB UNICORN 160 CBS BSIII,150.0,2016,100000020.0,JAISUBHA MOTORS,2021-11-15,NAN,45000.0,WALK IN,2021-11-15,160cc Cbs,,,,0.0,,2021,2021.0,46180.0,NAN,CB UNICORN 160,CBS BSIII,5
781,TN99P9078,ROYAL ENFIELD,CLASSIC 350 ABS,350.0,2019,100000019.0,SRI VENKATESWAR AUTOS,2022-07-20,NAN,152000.0,WALK IN,2022-07-20,350 S ABS,TVS TRU4 PREMIUM 10W30 ENGINE OIL 900ML,362.0,GENERAL SERVICING  - MCYCLE,650.0,1012.0,2022,2022.0,155000.0,OTHERS,CLASSIC 350,ABS,3
783,AP31EJ8781,BAJAJ,PULSAR 150 DTSI,150.0,2018,100000026.0,WHEELSMART,2022-05-30,NAN,65000.0,OUTDOOR ACTIVITY,2022-06-06,,,,,0.0,,2022,2022.0,79000.0,NAN,PULSAR 150,DTSI,4
786,TN90B9174,TVS,JUPITER BSIV,110.0,2017,100000020.0,JAISUBHA MOTORS,2022-02-28,TITANIUM GREY,45000.0,WALK IN,2022-02-28,110cc,,,,0.0,,2022,2022.0,51000.0,NAN,JUPITER,BSIV,5
788,DL5SBS2682,TVS,JUPITER BSIV,110.0,2018,100000021.0,BAJWA AUTOMOBILES,2022-05-29,TITANIUM GREY,41000.0,TELEPHONE,2022-05-29,110cc,ENGINE OIL,420.68,WATER  WASH - MOPED,45.0,410.0,2022,2022.0,55002.0,NAN,JUPITER,BSIV,4
791,DL9SBM5021,HONDA,AVIATOR,110.0,2017,100000003.0,KRISH AUTOMOBILES,2021-03-16,NAN,20000.0,WALK IN,2021-03-23,,TVS TRU4 PREMIUM 10W30 ENGINE OIL 1LTR,290.0,WATER  WASH - SCOOTER,50.0,340.0,2022,2022.0,57000.0,NAN,AVIATOR,,5
792,AP31DJ2814,ROYAL ENFIELD,CLASSIC  350 UCE  BSIII,350.0,2016,100000023.0,WHEELSMART,2022-05-05,NAN,106770.0,WALK IN,2022-05-09,350cc,,,,0.0,,2022,2022.0,133230.0,NAN,CLASSIC 350,BSIII,6
793,TN99H2592,ROYAL ENFIELD,CLASSIC 350 UCE,350.0,2017,100000019.0,SRI VENKATESWAR AUTOS,2021-11-11,NAN,116000.0,TELEPHONE,2021-11-23,350cc,,,,0.0,,2022,2022.0,120480.0,OTHERS,CLASSIC 350,UCE,5
794,MH05CD0706,HONDA,DIO DLX,110.0,2014,100000018.0,SHREE LAXMI  AUTOMOBILES,2021-09-07,NAN,26000.0,WALK IN,2021-09-07,,BRAKE SHOE SET 130 DIA 28MM WIDTH NEW,162.09,CLUTCH O/H - SCOOTER,145.0,278.0,2021,2021.0,29920.0,NAN,DIO,,7
799,DL8SCA7198,TVS,JUPITER,110.0,2017,100000017.0,RAJPOOT BEST DEALS PVT LTD,2022-10-29,C WHITE,27000.0,E MAIL,2022-10-29,,,,,0.0,,2022,2022.0,46000.0,NAN,JUPITER,,5
800,TN30BH1594,HONDA,ACTIVA 125 BS IV,125.0,2017,100000020.0,JAISUBHA MOTORS,2022-03-07,NAN,52000.0,WALK IN,2022-03-07,,,,,0.0,,2022,2022.0,56000.0,NAN,ACTIVA 125,BSIV,5
802,TN30BM8331,BAJAJ,CT 100 ES,102.0,2019,100000020.0,JAISUBHA MOTORS,2022-06-15,NAN,43000.0,WALK IN,2022-08-17,,ENGINE OIL,350.0,,0.0,350.0,2022,2022.0,52000.0,NAN,CT 100,ES,3
803,MH05EN5402,TVS,JUPITER ZX,110.0,2020,100000018.0,SHREE LAXMI  AUTOMOBILES,2022-06-26,MAG PURPLE,50500.0,WALK IN,2022-06-26,110CC BS6,TVS TRU4 SKUUTA 10W30 ENGINE OIL 900ML,449.49,FRONT FORK JOBS,100.0,490.0,2022,2022.0,63502.0,NAN,JUPITER ZX,,2
804,DL8SCB2512,TVS,JUPITER,110.0,2017,100000017.0,RAJPOOT BEST DEALS PVT LTD,2022-03-17,C WHITE,22000.0,WALK IN,,,,,,,,2022,2022.0,50000.0,NAN,JUPITER,,5
805,MH03DL6888,SUZUKI,ACCESS 125,124.0,2019,100000018.0,SHREE LAXMI  AUTOMOBILES,2022-04-23,NAN,48000.0,WALK IN,2022-08-09,,TVS TRU4 SKUUTA 10W30 ENGINE OIL 900ML,390.0,CLUTCH O/H - SCOOTER,145.0,535.0,2022,2022.0,62000.0,NAN,ACCESS 125,,3
807,AP39EX5602,HONDA,DIO DRUM,110.0,2020,100000023.0,WHEELSMART,2022-07-26,NAN,61000.0,WALK IN,2022-08-16,,ACTIVA SWITCH INDICATOR UNO-MINDA,70.0,,0.0,70.0,2022,2022.0,75000.0,NAN,DIO,,2
811,DL3SDJ9585,TVS,JUPITER,110.0,2016,100000004.0,AHINSHA TRUMOTO,2021-10-24,MAG PURPLE,0.0,WALK IN,,,,,,,,2021,2021.0,47040.0,NAN,JUPITER,,5
812,DL11SR7741,TVS,JUPITER BSIV,110.0,2017,100000003.0,KRISH AUTOMOBILES,2021-08-06,SPARKLING SILVER,21000.0,WALK IN,,,,,,,,2021,2021.0,40040.0,OTHERS,JUPITER,BSIV,4
814,RJ07GS8386,HERO,HF DELUXEE SELF-DRUM-CAST,97.0,2019,100000013.0,SHANTI TRUMOTO,2022-06-24,NAN,40450.0,WALK IN,2022-06-24,IBS KICK ALLOY 100cc,CHAIN COVER KIT,487.5,BAL,600.0,1000.0,2022,2022.0,47712.0,SCUF(SRIRAM),HF DELUXE,DRUM SELF CAST,3
815,DL8SCX7267,ROYAL ENFIELD,CLASSIC 350 EFI,350.0,2021,100000017.0,RAJPOOT BEST DEALS PVT LTD,2022-10-26,NAN,145000.0,E MAIL,2022-10-26,,,,,0.0,,2022,2022.0,173000.0,NAN,CLASSIC 350,EFI,1
818,TN23CQ1890,HONDA,DIO,110.0,2019,100000022.0,BALAMURUGAN AUTOMOBILES,2022-08-15,NAN,55000.0,WALK IN,2022-08-15,,,,,0.0,,2022,2022.0,56000.0,NAN,DIO,,3
821,DL11SM6190,HONDA,CB125 SHINE SP,125.0,2016,100000003.0,KRISH AUTOMOBILES,2021-08-24,NAN,19000.0,WALK IN,2021-11-23,125CC,,,,0.0,,2021,2021.0,32944.0,OTHERS,SHINE,SP,5
824,DL8SCD1461,HONDA,ACTIVA 125,125.0,2017,100000017.0,RAJPOOT BEST DEALS PVT LTD,2022-10-16,NAN,24500.0,E MAIL,2022-10-16,,,,,0.0,,2022,2022.0,55500.0,NAN,ACTIVA 125,,5
825,DL2SN7542,HONDA,AVIATOR DLX,110.0,2015,100000021.0,BAJWA AUTOMOBILES,2022-10-31,NAN,29500.0,TELEPHONE,2022-10-31,,,,,0.0,,2022,2022.0,32500.0,NAN,AVIATOR,,7
826,RJ13GS2982,HERO,SPLENDOR PLUS SELF-DRUM-CAST,97.0,2020,100000013.0,SHANTI TRUMOTO,2022-02-25,NAN,49500.0,WALK IN,2022-02-25,100CC BLACK AND ACCENT EDITION,JUPITER SEAT COVER,243.75,,0.0,200.0,2022,2022.0,54218.0,SCUF(SRIRAM),SPLENDOR PLUS,DRUM SELF CAST,2
828,DL14SJ2790,YAMAHA,FZS,149.0,2019,100000021.0,BAJWA AUTOMOBILES,2022-11-04,NAN,49500.0,TELEPHONE,2022-11-04,,,,,0.0,,2022,2022.0,54500.0,NAN,FZS,,3
829,AP26BT7461,ROYAL ENFIELD,CLASSIC 350,350.0,2017,100000027.0,WHEELSMART,2022-05-24,NAN,121500.0,WALK IN,2022-05-24,350cc,,,,0.0,,2022,2022.0,109500.0,OTHERS,CLASSIC 350,,5
831,RJ31SR8050,TVS,SPORT DURALIFE,110.0,2020,100000013.0,SHANTI TRUMOTO,2022-06-13,POLY BLACK,27200.0,WALK IN,,,,,,,,2022,2022.0,29996.0,SCUF(SRIRAM),SPORT,DURALIFE,2
832,RJ02BQ3088,HERO,HF DELUXEE KICK-DRUM-CAST,97.0,2020,100000009.0,PAKHI TRUMOTO,2020-12-03,NAN,50000.0,WALK IN,2020-12-13,,,,,0.0,,2021,2021.0,51680.0,NAN,HF DELUXE,KICK DRUM CAST,1
834,DL11SZ0320,TVS,JUPITER BSIV,110.0,2019,100000004.0,AHINSHA TRUMOTO,2022-04-25,TITANIUM GREY,44000.0,WALK IN,2022-04-25,110CC,,,,0.0,,2022,2022.0,52000.0,NAN,JUPITER,BSIV,3
837,MH05DV2821,YAMAHA,FASCINO,113.0,2018,100000018.0,SHREE LAXMI  AUTOMOBILES,2021-10-19,NAN,42500.0,WALK IN,2021-10-19,,TVS TRU4 SKUUTA 10W30 ENGINE OIL 900ML,409.15,STEERING O/H,450.0,805.0,2021,2021.0,43060.0,NAN,FASCINO,,3
839,TN99F6809,TVS,SCOOTY PEP PLUS,88.0,2016,100000019.0,SRI VENKATESWAR AUTOS,2021-11-24,BLACK,26000.0,OUTDOOR ACTIVITY,2022-01-05,,TVS TRU4 PREMIUM 10W30 ENGINE OIL 1LTR,380.34,GENERAL SERVICING  - MCYCLE,650.0,980.0,2022,2022.0,33000.0,NAN,SCOOTY PEP PLUS,,6
840,TN99Q1775,TVS,SCOOTY PEPPLUS BSIV,88.0,2019,100000019.0,SRI VENKATESWAR AUTOS,2022-03-23,RACING RED,55000.0,WALK IN,2022-03-23,,TVS TRU4 PREMIUM 10W30 ENGINE OIL 900ML,357.29,GENERAL SERVICING  - MCYCLE,650.0,960.0,2022,2022.0,58000.0,NAN,SCOOTY PEPPLUS,BSIV,3
841,TN99U7952,HERO,SPLENDOR PLUSI3S-SELF-DRUM-CAST,97.0,2021,100000019.0,SRI VENKATESWAR AUTOS,2022-08-13,NAN,64000.0,WALK IN,2022-08-13,,TVS TRU4 PREMIUM 10W30 ENGINE OIL 900ML,362.0,GENERAL SERVICING  - MCYCLE,650.0,1012.0,2022,2022.0,77000.0,NAN,SPLENDOR PLUS,I3S SELF DRUM CAST,1
844,AP39JY7857,BAJAJ,PULSAR 220 DTSI F,220.0,2021,100000027.0,WHEELSMART,2022-05-23,NAN,128440.0,WALK IN,2022-05-23,,,,,0.0,,2022,2022.0,143560.0,OTHERS,PULSAR 220,DTSI F,1
846,MH05DD2437,TVS,JUPITER,110.0,2017,100000018.0,SHREE LAXMI  AUTOMOBILES,2022-08-10,MAG PURPLE,40500.0,WALK IN,2022-08-10,,TVS TRU4 SKUUTA 10W30 ENGINE OIL 900ML,390.0,STEERING STEM/BALL RACE RPLCMENT O/H - SCOOTER,200.0,590.0,2022,2022.0,55500.0,NAN,JUPITER,,5
847,DL5SBR3988,TVS,APACHE RTR 160 4V,160.0,2018,100000017.0,RAJPOOT BEST DEALS PVT LTD,2022-02-26,MET BLUE,47700.0,WALK IN,2022-02-26,,,,,0.0,,2022,2022.0,72300.0,OTHERS,APACHE RTR160,4V,4
849,DL11SU5172,TVS,JUPITER BSIV,110.0,2017,100000003.0,KRISH AUTOMOBILES,2021-03-16,BLACK,29000.0,WALK IN,2021-03-23,,TVS TRU4 PREMIUM 10W30 ENGINE OIL 1LTR,290.0,WATER  WASH - SCOOTY,50.0,340.0,2022,2022.0,54000.0,NAN,JUPITER,BSIV,5
850,TN99T5457,TVS,SCOOTY PEPPLUS,88.0,2020,100000019.0,SRI VENKATESWAR AUTOS,2022-03-30,SYRAH RED,49000.0,WALK IN,2022-05-13,,TVS TRU4 PREMIUM 10W30 ENGINE OIL 900ML,417.22,,0.0,362.0,2022,2022.0,55000.0,OTHERS,SCOOTY PEPPLUS,,2
852,AP35AK2281,TVS,JUPITER BSIV,110.0,2017,100000026.0,WHEELSMART,2022-07-15,DP MATTE BLUE,36000.0,OUTDOOR ACTIVITY,2022-07-17,110cc,,,,0.0,,2022,2022.0,42000.0,NAN,JUPITER,BSIV,5
853,RJ13GS0056,HERO,HF DELUXEE SELF-DRUM-CAST,97.0,2020,100000013.0,SHANTI TRUMOTO,2022-10-29,NAN,46371.0,OUTDOOR ACTIVITY,2022-10-29,,SPARK PLUG C6HA GL/GX/CITY/SPORT,78.0,,220.0,298.0,2022,2022.0,48509.0,SCUF(SRIRAM),HF DELUXE,DRUM SELF CAST,2
855,TN37DJ5838,HONDA,DIO DRUM,110.0,2020,100000019.0,SRI VENKATESWAR AUTOS,2022-01-04,NAN,77000.0,WALK IN,2022-01-04,,TVS TRU4 PREMIUM 10W30 ENGINE OIL 900ML,357.29,GENERAL SERVICING  - MCYCLE,650.0,960.0,2022,2022.0,80360.0,OTHERS,DIO,,2
858,TN29BP3270,YAMAHA,-FZS,149.0,2020,100000020.0,JAISUBHA MOTORS,2022-11-30,NAN,17000.0,TELEPHONE,2022-12-29,,ENGINE OIL,403.38,,0.0,350.0,2022,2022.0,23000.0,NAN,FZS,,2
864,TS08FW4610,TVS,JUPITER BSIV,110.0,2018,100000002.0,OSSS TRUMOTO,2020-12-18,BEAVER BROWN,43000.0,WALK IN,2020-12-18,,TVS TRU4 PREMIUM 10W30 ENGINE OIL 1LTR,290.0,,0.0,290.0,2021,2021.0,47480.0,INDUSIND,JUPITER,BSIV,3
865,DL8SBZ9344,HERO,PASSION PRO DRUM-SELF-CAST,110.0,2016,100000003.0,KRISH AUTOMOBILES,2021-03-19,NAN,18000.0,WALK IN,2021-03-23,,TVS TRU4 PREMIUM 10W30 ENGINE OIL 1LTR,290.0,GENERAL SERVICING  - SCOOTER,300.0,590.0,2022,2022.0,55000.0,NAN,PASSION PRO,DRUM SELF CAST,6
867,TN30BH6895,TVS,APACHE RTR 160 BSIV,160.0,2017,100000020.0,JAISUBHA MOTORS,2022-06-30,NAN,50000.0,WALK IN,2022-07-06,,ENGINE OIL,403.39,,0.0,350.0,2022,2022.0,55000.0,NAN,APACHE RTR160,BSIV,5
875,AP39HZ7127,BAJAJ,PULSAR 150 DTSI,150.0,2021,100000026.0,WHEELSMART,2022-10-20,NAN,94400.0,OUTDOOR ACTIVITY,2022-11-19,,,,,0.0,,2022,2022.0,94802.0,NAN,PULSAR 150,DTSI,1
876,MH06CB2832,HONDA,CB UNICORN,150.0,2019,100000018.0,SHREE LAXMI  AUTOMOBILES,2022-02-14,NAN,62000.0,WALK IN,2022-02-28,150CC,GEAR OIL,73.13,VARIATOR ASSY O/H / DRIVE BELT RPLCMENT - SCOOTER,100.0,160.0,2022,2022.0,64234.0,NAN,CB UNICORN 160,,3
877,RJ07SV1881,TVS,SPORT,110.0,2015,100000013.0,SHANTI TRUMOTO,2022-05-24,FL RED,12500.0,WALK IN,2022-05-24,100cc,PLATE CLUTCH DRIVE SET-4 VICTOR/STAR,391.22,,0.0,321.0,2022,2022.0,16530.0,TVSCS,SPORT,,7
878,AP31ED8474,BAJAJ,PULSAR 220 DTSI F,220.0,2017,100000023.0,WHEELSMART,2022-08-23,NAN,63500.0,WALK IN,2022-09-12,,ENGINE OIL 20W50 1 LT BAJAJ,490.0,GENERAL SERVICING  - MCYCLE,1260.0,1750.0,2022,2022.0,95500.0,NAN,PULSAR 220,DTSI F,5
880,TN30BF6635,HONDA,ACTIVA 125 CBS BSIII,125.0,2016,100000020.0,JAISUBHA MOTORS,2022-09-24,NAN,42000.0,TELEPHONE,2022-09-24,,ENGINE OIL,350.0,,0.0,350.0,2022,2022.0,48000.0,NAN,ACTIVA 125,CBS BSIII,6
883,DL4SCM5090,HERO,HF-DELUXEE SELF -CAST WHEELS,97.0,2015,100000003.0,KRISH AUTOMOBILES,2021-10-24,NAN,15000.0,WALK IN,2021-12-31,100cc,,,,0.0,,2021,2021.0,28776.0,NAN,HF DELUXE,SELF  CAST WHEELS,6
885,AP39LM6596,SUZUKI,ACCESS 125 DISC(ALLOY WHEEL),124.0,2021,100000026.0,WHEELSMART,2022-07-16,NAN,80000.0,OUTDOOR ACTIVITY,2022-07-19,,,,,0.0,,2022,2022.0,90000.0,NAN,ACCESS 125,DISC ALLOY WHEEL,1
886,AP39F9767,BAJAJ,PULSAR 150 DTSI,150.0,2019,100000026.0,WHEELSMART,2022-08-15,NAN,81300.0,OUTDOOR ACTIVITY,2022-09-15,,,,,0.0,,2022,2022.0,84700.0,NAN,PULSAR 150,DTSI,3
891,MH05EF3765,TVS,APACHE RTR 160 4V,160.0,2019,100000018.0,SHREE LAXMI  AUTOMOBILES,2021-10-14,MET BLUE,66500.0,WALK IN,2021-10-14,,,,,0.0,,2021,2021.0,66500.0,NAN,APACHE RTR160,4V,2
894,AP39DS9247,BAJAJ,PULSAR 220 DTSI F ABS),220.0,2020,100000023.0,WHEELSMART,2022-07-24,NAN,113450.0,WALK IN,2022-07-30,,ENGINE OIL 20W50 1 LT BAJAJ,490.0,GENERAL SERVICING  - MCYCLE,510.0,1000.0,2022,2022.0,126550.0,NAN,PULSAR 220,DTSI F ABS,2
896,AP39GV5529,TVS,JUPITER,110.0,2020,100000023.0,WHEELSMART,2022-09-03,BLACK,54570.0,WALK IN,2022-09-28,,ENG OIL,270.0,GENERAL SERVICING  - MCYCLE,400.0,670.0,2022,2022.0,62430.0,OTHERS,JUPITER,,2
899,DL5SAX7018,HERO,SPLENDOR PLUS,97.0,2016,100000021.0,BAJWA AUTOMOBILES,2022-10-30,NAN,32500.0,TELEPHONE,2022-10-30,,,,,0.0,,2022,2022.0,35500.0,NAN,SPLENDOR PLUS,,6
900,UP32LP3690,TVS,JUPITER,110.0,2020,100000005.0,RAFTAAR TRUMOTO,2022-06-22,SP SILVER,42000.0,WALK IN,2022-06-28,110CC BS6,ENGINE OIL,230.51,,0.0,200.0,2022,2022.0,50000.0,NAN,JUPITER,,2
901,UP32LK5048,TVS,JUPITER BSIV,110.0,2019,100000005.0,RAFTAAR TRUMOTO,2022-08-04,VOLCANO RED,42000.0,WALK IN,2022-08-12,110CC BS6,SEAT COVER,150.0,CLUTCH CLEAN& GREECE,150.0,300.0,2022,2022.0,63000.0,NAN,JUPITER,BSIV,3
902,DL9SBE9144,HONDA,AVIATOR STD,110.0,2016,100000003.0,KRISH AUTOMOBILES,2021-03-12,NAN,18000.0,WALK IN,2021-03-23,,TVS TRU4 PREMIUM 10W30 ENGINE OIL 1LTR,290.0,GENERAL SERVICING  - SCOOTER,300.0,590.0,2022,2022.0,48000.0,NAN,AVIATOR,,6
903,DL8SCP1505,TVS,JUPITER BSIV,110.0,2019,100000017.0,RAJPOOT BEST DEALS PVT LTD,2022-06-23,TITANIUM GREY,37000.0,WALK IN,2022-06-23,110CC,,,,0.0,,2022,2022.0,67000.0,NAN,JUPITER,BSIV,3
906,RJ02BC1159,HERO,HF DELUXEE,97.0,2018,100000009.0,PAKHI TRUMOTO,2021-10-23,NAN,35000.0,WALK IN,2021-10-25,KICK ALLOY 100CC,BRAKE SHOE,290.06,GENERAL SERVICING  - MCYCLE,200.0,438.0,2022,2022.0,41720.0,NAN,HF DELUXE,,4
907,TN90B1947,TVS,JUPITER,110.0,2016,100000020.0,JAISUBHA MOTORS,2021-12-06,MAG PURPLE,54000.0,WALK IN,2021-12-06,110cc,,,,0.0,,2021,2021.0,54060.0,NAN,JUPITER,,5
909,DL5SBQ1476,HONDA,ACTIVA 125,125.0,2018,100000021.0,BAJWA AUTOMOBILES,2022-07-14,NAN,35000.0,TELEPHONE,2022-09-06,,ENGINE OIL,355.0,,0.0,355.0,2022,2022.0,71000.0,NAN,ACTIVA 125,,4
910,MH43BT5869,TVS,JUPITER BSIV,110.0,2019,100000018.0,SHREE LAXMI  AUTOMOBILES,2022-02-14,C WHITE,50000.0,WALK IN,2022-02-28,110CC,GEAR OIL,73.13,FR (OR) RR WHEEL BEARING RPLCMENT - APACHE,75.0,135.0,2022,2022.0,52000.0,NAN,JUPITER,BSIV,3
912,TN37DA2839,ROYAL ENFIELD,CLASSIC 350 BS IV,350.0,2017,100000019.0,SRI VENKATESWAR AUTOS,2022-02-26,NAN,92000.0,WALK IN,2022-02-26,350cc,TVS TRU4 PREMIUM 10W30 ENGINE OIL 1LTR,357.29,GENERAL SERVICING  - MCYCLE,650.0,960.0,2022,2022.0,95000.0,OTHERS,CLASSIC 350,BSIV,5
913,RJ13HS4376,HERO,SPLENDOR PLUS SELF-DRUM-CAST,97.0,2020,100000013.0,SHANTI TRUMOTO,2022-10-09,NAN,53400.0,OUTDOOR ACTIVITY,2022-10-09,,KEY,80.0,,0.0,80.0,2022,2022.0,53882.0,SCUF(SRIRAM),SPLENDOR PLUS,DRUM SELF CAST,2
914,TN88E8611,HERO,HF DELUXEE KICK-DRUM-CAST,97.0,2019,100000020.0,JAISUBHA MOTORS,2022-05-28,NAN,43000.0,WALK IN,2022-05-30,IBS BLACK SELF ALLOY 100cc	,,,,0.0,,2022,2022.0,48000.0,NAN,HF DELUXE,KICK DRUM CAST,3
921,DL4SCU8231,HERO,SPLENDOR PLUSI3S-SELF-DRUM-CAST,97.0,2018,100000003.0,KRISH AUTOMOBILES,2021-09-20,NAN,40000.0,WALK IN,2021-09-20,I3s,,,,0.0,,2021,2021.0,45712.0,OTHERS,SPLENDOR PLUS,I3S SELF DRUM CAST,3
924,TN30CX8109,TVS,JUPITER,110.0,2022,100000020.0,JAISUBHA MOTORS,2022-07-29,BROWN,78000.0,WALK IN,2022-09-15,110CC BS6,ENGINE OIL,350.0,,0.0,350.0,2022,2022.0,81000.0,NAN,JUPITER,,0
925,AP31EJ0823,YAMAHA,FASCINO,113.0,2017,100000023.0,WHEELSMART,2022-05-10,NAN,38000.0,WALK IN,2022-07-05,Standard,,,,0.0,,2022,2022.0,60000.0,HDFC,FASCINO,,5
926,AP39EN5999,ROYAL ENFIELD,CLASSIC 350 EFI,350.0,2020,100000023.0,WHEELSMART,2022-07-13,NAN,161500.0,WALK IN,2022-08-12,350 S ABS,,,,0.0,,2022,2022.0,168500.0,OTHERS,CLASSIC 350,EFI,2
930,TN30BF9082,BAJAJ,CT 100 BSIII,102.0,2016,100000020.0,JAISUBHA MOTORS,2022-05-30,NAN,25000.0,WALK IN,2022-06-03,,,,,0.0,,2022,2022.0,29000.0,NAN,CT 100,BSIII,6
931,TN37DV1225,HONDA,DIO,110.0,2019,100000019.0,SRI VENKATESWAR AUTOS,2022-02-10,NAN,57000.0,WALK IN,2022-02-10,,TVS TRU4 PREMIUM 10W30 ENGINE OIL 900ML,357.29,GENERAL SERVICING  - MCYCLE,650.0,960.0,2022,2022.0,64000.0,INDUSIND,DIO,,3
932,TN38CT9581,HONDA,CB UNICORN,150.0,2019,100000019.0,SRI VENKATESWAR AUTOS,2022-03-28,NAN,85000.0,WALK IN,2022-03-28,160CC CBS,TVS TRU4 PREMIUM 10W30 ENGINE OIL 1LTR,380.34,GENERAL SERVICING  - MCYCLE,650.0,980.0,2022,2022.0,92000.0,IDFC,CB UNICORN 160,,3
937,MH01DU0029,HONDA,ACTIVA 125 - DISC,125.0,2020,100000018.0,SHREE LAXMI  AUTOMOBILES,2022-08-21,NAN,55000.0,WALK IN,2022-08-21,,GEAR OIL,60.0,chain lub,190.0,250.0,2022,2022.0,57000.0,NAN,ACTIVA 125,DISC,2
938,MH06CE2803,SUZUKI,ACCESS 125 DRUM(ALLOY WHEEL),124.0,2020,100000018.0,SHREE LAXMI  AUTOMOBILES,2022-03-24,NAN,58000.0,WALK IN,2022-04-06,,CHAIN SPROCKET KIT ASTRA/SUPER CHAMP,747.09,CYLINDER HEAD MACHINING,100.0,713.0,2022,2022.0,64680.0,NAN,ACCESS 125,DRUM ALLOY WHEEL,2
941,TN39BV8769,TVS,SCOOTY PEP PLUS FASHION,88.0,2016,100000019.0,SRI VENKATESWAR AUTOS,2022-03-10,SIL MET,28500.0,WALK IN,,,,,,,,2022,2022.0,31500.0,OTHERS,SCOOTY PEP PLUS,FASHION,6
946,TN54S8842,TVS,SCOOTY PEPPLUS BSIV,88.0,2019,100000020.0,JAISUBHA MOTORS,2022-03-02,NAN,53000.0,WALK IN,2022-03-02,,,,,0.0,,2022,2022.0,58000.0,NAN,SCOOTY PEPPLUS,BSIV,3
949,DL10ST4064,HONDA,ACTIVA 125,125.0,2017,100000021.0,BAJWA AUTOMOBILES,2022-04-01,NAN,28000.0,TELEPHONE,2022-04-01,,TVS TRU4 SKUUTA 10W30 ENGINE OIL 900ML,409.15,WATER  WASH - SCOOTY,50.0,405.0,2022,2022.0,36002.0,NAN,ACTIVA 125,,5
951,TN90D7758,BAJAJ,PULSAR 150 DTSI,150.0,2018,100000020.0,JAISUBHA MOTORS,2022-01-10,NAN,74500.0,WALK IN,2022-01-10,,,,,0.0,,2022,2022.0,77360.0,NAN,PULSAR 150,DTSI,4
954,DL8SCL6648,SUZUKI,ACCESS 125,124.0,2018,100000003.0,KRISH AUTOMOBILES,2022-01-12,NAN,22000.0,WALK IN,2022-02-25,,,,,0.0,,2022,2022.0,57000.0,OTHERS,ACCESS 125,,4
955,AP31DU9043,HONDA,DIO SELF MAT,110.0,2017,100000023.0,WHEELSMART,2022-05-09,NAN,38000.0,WALK IN,2022-05-09,,,,,0.0,,2022,2022.0,44000.0,NAN,DIO,,5
956,AP26BY5248,YAMAHA,FZS FR & RR DISC,149.0,2018,100000027.0,WHEELSMART,2022-10-08,NAN,64725.0,TELEPHONE,2022-10-08,,CASTROL 5ML,6.0,,0.0,6.0,2022,2022.0,68775.0,OTHERS,FZS,FR & RR DISC,4
960,DL4SCU8090,HERO,SPLENDOR PLUSI3S-SELF-DRUM-CAST,97.0,2018,100000003.0,KRISH AUTOMOBILES,2021-11-30,NAN,38000.0,WALK IN,2021-11-30,I3s,,,,0.0,,2021,2021.0,49760.0,NAN,SPLENDOR PLUS,I3S SELF DRUM CAST,3
